선정된해, 사업장명21,소재지21,업종21,임금21,일생활균형21,고용안정21,비고,,선정된해,사업장명,소재지,위도,경도,업종,기업규모,임금22,일생활균형22,고용안정22,비고,랭킹,비교,임금,일생활균형,고용안정
2021,(주)니트머스,"서울특별시 중구 명동길 65, 11층(명동1가, 보림빌딩)",정보통신업,1,1,1,3,,2022,(주)니트머스,"서울특별시 중구 명동길 65, 11층(명동1가,보림빌딩)",37.564146,126.985886,정보통신업,중소기업 28,1,1,1,3,1,=,2,2,2
2021,(주)동구바이오제약,"서울특별시 송파구 법원로 114, B동 14층(문정동, 엠스테이트)",제조업,1,1,1,3,,2022,(주)동구바이오제약,서울특별시 송파구 법원로 114 엠스테이트B동 14층,37.4859826,127.1197497,제조업,중견기업 365,1,1,1,3,1,=,2,2,2
2021,(주)라톤테크,"서울특별시 금천구 디지털로9길 32, B-1501(가산동, 갑을그레이트밸리)",정보통신업,1,1,1,3,,2022,(주)라톤테크,"서울특별시 금천구 디지털로9길 32, B-1501호(가산동,갑을그레이트밸리)",37.4794491,126.8874768,정보통신업,중소기업 32,1,1,1,3,1,=,2,2,2
2021,(주)불스원,"서울특별시 강남구 테헤란로 306(역삼동, 카이트타워)",제조업,1,1,1,3,,2022,(주)불스원,"서울특별시 강남구 테헤란로 306, 카이트타워 6층",37.5025597,127.044093,제조업,중견기업 253,1,1,1,3,1,=,2,2,2
2021,(주)소만사,"서울특별시 영등포구 영신로 220(영등포동8가, KnK디지털타워 9층)",정보통신업,1,1,1,3,,2022,(주)소만사,"서울특별시 영등포구 영신로 220, 9층(영등포동8가,KnK디지털타워)",37.526554,126.904299,정보통신업,중소기업 320,1,1,1,3,1,=,2,2,2
2021,(주)스틸리언,"서울특별시 용산구 원효로90길 11, 더프라임타워 업무동 12층",정보통신업,1,1,1,3,,2022,(주)스틸리언,"서울특별시 용산구 원효로 90길 11, 업무동 12층(더프라임타워)",37.5401471,126.9700791,정보통신업,중소기업 53,1,1,1,3,1,=,2,2,2
2021,(주)신티에스,"서울특별시 구로구 디지털로33길 55, 이앤씨벤처드림타워 2차 801호",도매 및 소매업,1,1,1,3,,2022,(주)신티에스,"서울특별시 구로구 디지털로33길 55, 801호(구로동,이앤씨벤처드림타워2차) ",37.487013,126.8931959,도매 및 소매업,중소기업 111,1,1,1,3,1,=,2,2,2
2021,(주)아이더스코리아,"서울특별시 강서구 양천로 376, 7층(가양동, 델타빌딩)","전문, 과학 및 기술 서비스업",1,1,1,3,,2022,(주)아이더스코리아,"서울특별시 강서구 양천로 376, 7~9층(가양동,델타빌딩)",37.5667835,126.843755,"전문, 과학 및 기술 서비스업",중소기업 85,1,1,1,3,1,=,2,2,2
2021,(주)아이포트폴리오,"서울특별시 중구 남대문로9길 24, 1102호(다동, 패스트파이브타워)",정보통신업,1,1,1,3,,2022,(주)아이포트폴리오,"서울특별시 중구 남대문로9길 24, 패스트파이브타워 다동 11층",37.567102,126.9811195,정보통신업,중소기업 36,1,1,1,3,1,=,2,2,2
2021,(주)에어코드,"서울특별시 금천구 가산디지털2로 123, 13층(1314~1317호)(가산동, 월드메르디앙벤처센터2차)",정보통신업,1,1,1,3,,2022,(주)에어코드,"서울특별시 금천구 가산디지털2로 123, 13층(가산동,월드메르디앙2차)  ",37.4787503,126.8786525,정보통신업,중소기업 49,1,1,1,3,1,=,2,2,2
2021,(주)영림원소프트랩,서울특별시 강서구 양천로 583(우림블루나인 비즈니스센터 A동 23층),정보통신업,1,1,1,3,,2022,(주)영림원소프트랩,"서울특별시 강서구 양천로 583, A동 23층(염창동,우림블루9 비즈니스센터)",37.556904,126.8642901,정보통신업,중소기업 312,1,1,1,3,1,=,2,2,2
2021,(주)오픈한,"서울특별시 중랑구 겸재로 121, 오즈빌딩 (면목동)",도매 및 소매업,1,1,1,3,,2022,(주)오픈한,"서울특별시 성동구 연무장5가길 25, 1311호(성수동2가, SK V1타워)",37.5433863,127.0554176,도매 및 소매업,중소기업 38,1,1,1,3,1,=,2,2,2
2021,(주)이노룰스,"서울특별시 송파구 법원로6길 7, 12층(문정동, 유탑테크밸리)",정보통신업,1,1,1,3,,2022,(주)이노룰스,"서울특별시 송파구 법원로6길 7, 12층(문정동,유탑테크밸리)",37.5628859,126.9843405,정보통신업,중소기업 76,1,1,1,3,1,=,2,2,2
2021,(주)이액티브,"서울특별시 영등포구 양평로 157, 1411호",정보통신업,1,1,1,3,,2022,(주)이액티브,"서울특별시 영등포구 양평로 157, 1411호(양평동5가,선유도투웨니퍼스트밸리)",37.537865,126.893927,정보통신업,중소기업 38,1,1,1,3,1,=,2,2,2
2021,(주)인포큐브,"서울특별시 송파구 법원로11길 11, B동 1001,1002,1003호(문정동, 문정현대지식산업센터1-1)",정보통신업,1,1,1,3,,2022,(주)인포큐브,"서울특별시 송파구 법원로11길 11, B동 1001호(현대지식산업센터)",37.5145437,127.1065971,정보통신업,중소기업 13,1,1,1,3,1,=,2,2,2
2021,(주)임픽스,"서울특별시 동대문구 천호대로 375, 학인빌딩 3층(장안동)",정보통신업,1,1,1,3,,2022,(주)임픽스,"서울특별시 동대문구 천호대로 375, 3층(장안동,학인빌딩)",37.5707582,127.0738212,정보통신업,중소기업 72,1,1,1,3,1,=,2,2,2
2021,(주)지란지교시큐리티,"서울특별시 강남구 역삼로 542, 5층(대치동, 신사에스앤지)","전문, 과학 및 기술 서비스업",1,1,1,3,,2022,(주)지란지교시큐리티,"서울특별시 강남구 역삼로 542, 5층(대치동,신사S&G빌딩)",37.5039421,127.062331,"전문, 과학 및 기술 서비스업",중소기업 137,1,1,1,3,1,=,2,2,2
2021,(주)지엔엠라이프,"서울특별시 영등포구 선유로 130(양평동3가, 에이스 하이테크시티3)",도매 및 소매업,1,1,1,3,,2022,(주)지엔엠라이프,"서울특별시 영등포구 선유로 130, 13층(양평동3가,에이스하이테크시티3)",37.5251957,126.8913598,도매 및 소매업,중소기업 70,1,1,1,3,1,=,2,2,2
2021,(주)케이아이엔엑스,"서울특별시 서초구 서초대로 396, 21층(서초동, 강남빌딩)",정보통신업,1,1,1,3,,2022,(주)케이아이엔엑스,"서울특별시 강남구 강남대로 636, 7층,10층(신사동,두원빌딩)",37.5185373,127.0192781,정보통신업,중소기업 147,1,1,1,3,1,=,2,2,2
2021,(주)코어트러스트,"서울특별시 구로구 디지털로34길 55 , 307호(구로동, 코오롱싸이언스밸리2차)",정보통신업,1,1,1,3,,2022,(주)코어트러스트,"서울특별시 구로구 디지털로34길 55, 307호(구로동,코오롱싸이언스밸리2차)",37.4842333,126.8992725,정보통신업,중소기업 35,1,1,1,3,1,=,2,2,2
2021,(주)투씨에스지,"서울특별시 영등포구 국제금융로 70, 17층(여의도동, 미원빌딩)",정보통신업,1,1,1,3,,2022,(주)투씨에스지,"서울특별시 구로구 디지털로32길 30, 15층(구로동,코오롱디지털타워빌란트1차)",37.4833536,126.8965156,정보통신업,중소기업 69,1,1,1,3,1,=,2,2,2
2021,글로벌엔지니어링(주),"서울특별시 금천구 디지털로 130, 1003,1005,1006호(가산동, 남성프라자)",제조업,1,1,1,3,,2022,글로벌엔지니어링(주),"서울특별시 금천구 디지털로 130, 1003호,1005~1006호(가산동,남성프라자)",37.4754508,126.8817091,제조업,중소기업 23,1,1,1,3,1,=,2,2,2
2021,넥스엔정보기술(주),"서울특별시 강남구 테헤란로 151, 4층 411호(역삼동, 역삼하이츠빌딩)",정보통신업,1,1,1,3,,2022,넥스엔정보기술(주),"서울특별시 강남구 언주로75길19, 203호(역삼동,역원빌딩)",37.4982943,127.0428262,정보통신업,중소기업 17,1,1,1,3,1,=,2,2,2
2021,동문이엔티(주),"서울특별시 구로구 디지털로 33길, 12 우림2차 501-505호",도매 및 소매업,1,1,1,3,,2022,동문이엔티(주),"서울특별시 구로구 디지털로33길 12, 501~505호(우림이비즈센처2차)",37.486541,126.8960952,도매 및 소매업,중소기업 86,1,1,1,3,1,=,2,2,2
2021,디딤365 주식회사,"서울특별시 금천구 디지털로9길 68, 2006~2010호(가산동, 대륭포스트타워 5차)",정보통신업,1,1,1,3,,2022,디딤365 주식회사,"서울특별시 금천구 디지털로9길 68, 2006~2010호,1601,1602호(대륭포스트타워5차)",37.4808988,126.8863264,정보통신업,중소기업 133,1,1,1,3,1,=,2,2,2
2021,알서포트 주식회사,"서울특별시 송파구 위례성대로 10, 8층~12층(방이동, 에스타워)","전문, 과학 및 기술 서비스업",1,1,1,3,,2022,알서포트 주식회사,"서울특별시 송파구 위례성대로 10, 9~15층(방이동,에스타워)",37.5166833,127.1134764,"전문, 과학 및 기술 서비스업",중소기업 305,1,1,1,3,1,=,2,2,2
2021,엠아이큐브솔루션 주식회사,"서울특별시 서초구 남부순환로 2419, 2층, 3층(서초동, 아트빌딩)",정보통신업,1,1,1,3,,2022,엠아이큐브솔루션 주식회사,"서울특별시 서초구 남부순환로 2419, 2,3층(서초동,아트빌딩)",37.4815459,127.0151072,정보통신업,중소기업 179,1,1,1,3,1,=,2,2,2
2021,유비씨엔(주),"서울특별시 금천구 가산디지털1로 212, 710호(가산동, 코오롱디지털타워애스턴)",정보통신업,1,1,1,3,,2022,유비씨엔(주),"서울특별시 금천구 가산디지털1로 212, 910호(가산동,코오롱애스턴)",37.4843157,126.8805164,정보통신업,중소기업 30,1,1,1,3,1,=,2,2,2
2021,주식회사 네오크레마,"서울특별시 송파구 중대로 211(가락동, 나은빌딩)",제조업,1,1,1,3,,2022,주식회사 네오크레마,"서울특별시 송파구 중대로 211(가락동,나은빌딩)",37.5007979,127.126684,제조업,중소기업 66,1,1,1,3,1,=,2,2,2
2021,주식회사 노버스메이,서울특별시 송파구 마천로39길 33(마천동),도매 및 소매업,1,1,1,3,,2022,주식회사 노버스메이,서울특별시 송파구 마천로39길 33,37.5002468,127.149209,도매 및 소매업,중소기업 33,1,1,1,3,1,=,2,2,2
2021,주식회사 더유제약,"서울특별시 영등포구 당산로 171, 1501호(당산동4가, 금강 펜테리움 IT타워)","전문, 과학 및 기술 서비스업",1,1,1,3,,2022,주식회사 더유제약,"서울특별시 영등포구 당산로 171, 1501호(금강펜테리움IT타워)",37.5298971,126.8981165,"전문, 과학 및 기술 서비스업",중소기업 193,1,1,1,3,1,=,2,2,2
2021,주식회사 데이사이드,"서울특별시 강남구 강남대로94길 53, 화성빌딩 4층(역삼동)",정보통신업,1,1,1,3,,2022,주식회사 데이사이드,"서울특별시 강남구 강남대로94길 53, 4층(역삼동,화성빌딩)",37.5005177,127.0314557,정보통신업,중소기업 45,1,1,1,3,1,=,2,2,2
2021,주식회사 미스터픽,서울특별시 강남구 테헤란로447 KB우준타워 16층,정보통신업,1,1,1,3,,2022,주식회사 미스터픽,"서울특별시 강남구 테헤란로 447, 16층(삼성동,KB우준타워)",37.5070522,127.05606,정보통신업,중소기업 26,1,1,1,3,1,=,2,2,2
2021,주식회사 애드오피,"서울특별시 강남구 테헤란로 623, 10층(삼성동, 삼성빌딩)","전문, 과학 및 기술 서비스업",1,1,1,3,,2022,주식회사 애드오피,"서울특별시 강남구 테헤란로 623, 10층(삼성동,삼성빌딩)",37.5099761,127.0656941,"전문, 과학 및 기술 서비스업",중소기업 28,1,1,1,3,1,=,2,2,2
2021,주식회사 이포넷,"서울특별시 강남구 테헤란로87길 21, 15층(삼성동, 동성빌딩)",정보통신업,1,1,1,3,,2022,주식회사 이포넷,"서울특별시 강남구 테헤란로87길 21, 15층(삼성동,동성빌딩) ",37.5090167,127.0582363,정보통신업,중소기업 207,1,1,1,3,1,=,2,2,2
2021,주식회사 커머스웨어,"서울특별시 성동구 광나루로8길 31, 905호(성수동2가, SK V1센터 2동)",정보통신업,1,1,1,3,,2022,주식회사 커머스웨어,"서울특별시 성동구 광나루로8길 31, 2동 905호(성수동2가,SK V1센터)",37.5475127,127.064007,정보통신업,중소기업 126,1,1,1,3,1,=,2,2,2
2021,주식회사 파수,"서울특별시 마포구 월드컵북로 396, 누리꿈스퀘어 비즈니스타워 17층",정보통신업,1,1,1,3,,2022,주식회사 파수,"서울특별시 마포구 월드컵북로 396, 비지니스센터 17층(상암동,누리꿈스퀘어 비즈니스타워)",37.579396,126.8897942,정보통신업,중소기업 226,1,1,1,3,1,=,2,2,2
2021,주식회사 플그림,"서울특별시 성동구 연무장5가길 7, w1404호(성수동2가, 성수역 현대테라스타워)",정보통신업,1,1,1,3,,2022,주식회사 플그림,"서울특별시 성동구 연무장5가길 7, W1404호(성수동2가,성수역 현대테라스타워)",37.5439435,127.0532314,정보통신업,대기업 79,1,1,1,3,1,=,2,2,2
2021,크리스피드(주),"서울특별시 송파구 법원로11길 25, B동 1001호",정보통신업,1,1,1,3,,2022,크리스피드(주),"서울특별시 송파구 법원로11길 25, B동 1001호(문정동,에이치비지니스파크)",37.4941097,127.0106092,정보통신업,중소기업 191,1,1,1,3,1,=,2,2,2
2021,풍림무약(주),"서울특별시 중구 소월로 10, 16층(남대문로5가, 단암빌딩)",제조업,1,1,1,3,,2022,풍림무약(주),"서울특별시 중구 소월로 10, 16층(남대문로5가,단암빌딩)",37.5585026,126.9753986,제조업,중소기업 200,1,1,1,3,1,=,2,2,2
2021,한국무라타전자(주),"서울특별시 서초구 서초대로 411, 21~22층(서초동, GT타워동관)",도매 및 소매업,1,1,1,3,,2022,한국무라타전자(주),"서울특별시 서초구 서초대로 411, 동관 21~22층(서초동,GT타워)",37.4977803,127.0261927,도매 및 소매업,중견기업 203,1,1,1,3,1,=,2,2,2
2021,호스트센터(주),"서울특별시 서초구 법원로1길 6, 1층(서초동)",정보통신업,1,1,1,3,,2022,호스트센터(주),"서울특별시 서초구 법원로1길 6, 1층(서초동)",37.4934675,127.0098909,정보통신업,중소기업 41,1,1,1,3,1,=,2,2,2
2021,(주)더블미,"서울특별시 중구 청계천로 40, 13층 1316호(다동, 한국관광공사)",정보통신업,1,0,0,1,,2022,(주)더블미,"서울특별시 서초구 강남대로 148, 6층 2호(양재동,상록빌딩)",37.48453,127.0399084,정보통신업,중소기업 21,1,1,1,3,2,++,2,1,1
2021,(주)명인이노,"서울특별시 금천구 벚꽃로 278, 401~402호 (가산동, SJ테크노빌)",도매 및 소매업,0,1,1,2,,2022,(주)명인이노,"서울특별시 금천구 벚꽃로 278, 401,402호(가산동,SJ테크노빌)",37.4793995,126.8846023,도매 및 소매업,중소기업 17,1,1,1,3,2,+,1,2,2
2021,(주)아이투맥스,"서울특별시 마포구 마포대로137, 6층 (공덕동, KPX빌딩)",정보통신업,1,1,0,2,,2022,(주)아이투맥스,"서울특별시 마포구 마포대로 137, 6층(공덕동,KPX빌딩)",37.551199,126.9625325,정보통신업,중소기업 170,1,1,1,3,2,+,2,2,1
2021,(주)엑스퍼넷,"서울특별시 구로구 디지털로31길 38-21, 609호 (구로동, 이앤씨벤처드림타워3차)",정보통신업,0,1,1,2,,2022,(주)엑스퍼넷,"서울특별시 구로구 디지털로31길 38-21, 609호(구로동,이앤씨벤쳐드림타워3차)",37.486478,126.893699,정보통신업,중소기업 78,1,1,1,3,2,+,1,2,2
2021,(주)예지솔루션,"서울특별시 금천구 가산디지털2로 166, 3층(가산동, 에이스k1타워)","전문, 과학 및 기술 서비스업",0,1,1,2,,2022,(주)예지솔루션,"서울특별시 금천구 가산디지털2로 166, 3층(가산동,에이스K1타워)",37.4853698,126.8810751,"전문, 과학 및 기술 서비스업",중소기업 158,1,1,1,3,2,+,1,2,2
2021,(주)이즈파크,"서울특별시 금천구 가산디지털1로 145, 1001호(가산동, 에이스하이엔드타워3차)",정보통신업,1,1,0,2,,2022,(주)이즈파크,"서울특별시 금천구 가산디지털1로 145, 1001호(가산동,에이스하이엔드타워3차)",37.4781156,126.8815677,정보통신업,중소기업 145,1,1,1,3,2,+,2,2,1
2021,(주)코리아리서치인터내셔널,"서울특별시 강남구 테헤란로7길 12, 3층(역삼동, 허바허바빌딩)","전문, 과학 및 기술 서비스업",0,1,1,2,,2022,(주)코리아리서치인터내셔널,"서울특별시 서초구 사임당로 18, 8층(석초동,석오빌딩)",37.4881404,127.0192861,"전문, 과학 및 기술 서비스업",중소기업 79,1,1,1,3,2,+,1,2,2
2021,(주)큐빅테크,"서울특별시 구로구 디지털로 272, 301호(구로동, 한신IT타워) ",정보통신업,1,0,1,2,,2022,(주)큐빅테크,"서울특별시 구로구 디지털로 272, 301~303호(구로동,한신IT타워)",37.4824724,126.894424,정보통신업,중소기업 52,1,1,1,3,2,+,2,1,2
2021,(주)토마토시스템,"서울특별시 강남구 논현로128길 5, 장뻘빌딩 5,6,8층",정보통신업,0,1,1,2,,2022,(주)토마토시스템,"서울특별시 강남구 논현로128길 5, 장뻘빌딩 5,6,8층",37.5135827,127.0316499,정보통신업,중소기업 215,1,1,1,3,2,+,1,2,2
2021,(주)티오이십일,"서울특별시 서초구 서초대로 350, 2층(서초동, 서초동동아빌라트)",정보통신업,1,0,1,2,,2022,(주)티오이십일,"서울특별시 서초구 서초대로 350, 2층(서초동,동아빌라트)",37.4951551,127.0198169,정보통신업,중소기업 67,1,1,1,3,2,+,2,1,2
2021,(주)플래티어,"서울특별시 송파구 법원로9길 26, D동 6층 (문정동, 에이치비지니스파크)",정보통신업,1,1,0,2,,2022,(주)플래티어,"서울특별시 송파구 법원로9길 26, D동 6층",37.51492,127.10438,정보통신업,중소기업 233,1,1,1,3,2,+,2,2,1
2021,(주)피앰아이,"서울특별시 서초구 강남대로91길 16, 2층(잠원동, 서린빌딩)","전문, 과학 및 기술 서비스업",1,0,1,2,,2022,(주)피앰아이,"서울특별시 서초구 강남대로91길 16, 2층(잠원동,서린빌딩)",37.5121342,127.0197895,"전문, 과학 및 기술 서비스업",중소기업 57,1,1,1,3,2,+,2,1,2
2021,노아에이티에스(주),"서울특별시 종로구 종로5길 68, 5층(수송동, 코리안리빌딩)",정보통신업,1,0,1,2,,2022,노아에이티에스(주),"서울특별시 종로구 청계천로 41, 12층(서린동,영풍빌딩)",37.5696304,126.9821706,정보통신업,중소기업 152,1,1,1,3,2,+,2,1,2
2021,아이낸스(주),"서울특별시 영등포구 여의대방로69길 23, 6층 (여의도동, 한국금융IT빌딩)",정보통신업,0,1,0,1,,2022,아이낸스(주),"서울특별시 영등포구 여의대방로69길 23, 6층(여의도동,한국금융IT빌딩)",37.5208986,126.9300778,정보통신업,중소기업 20,1,1,1,3,2,++,1,2,1
2021,엠포플러스(주),"서울특별시 성동구 아차산로17길 48, SK V1 센터 1동 1619호",정보통신업,0,1,1,2,,2022,엠포플러스(주),"서울특별시 성동구 아차산로17길 48, 1동 1619호(성수2가,SK V1센터)",37.5476689,127.0465524,정보통신업,중소기업 26,1,1,1,3,2,+,1,2,2
2021,오아 주식회사,서울특별시 서초구 효령로46길 97,도매 및 소매업,1,0,1,2,,2022,오아 주식회사,서울특별시 서초구 효령로46길 97(서초동),37.4790472,127.0089313,도매 및 소매업,중소기업 170,1,1,1,3,2,+,2,1,2
2021,주식회사 님버스네트웍스,"서울특별시 구로구 디지털로306, 11층 1108호(구로동, 대륭포스터타워2차)",정보통신업,0,0,1,1,,2022,주식회사 님버스네트웍스,"서울특별시 구로구 디지털로 306, 1108호(구로동,대륭포스트타워2차)",37.4858838,126.8973216,정보통신업,중소기업 32,1,1,1,3,2,++,1,1,2
2021,주식회사 매사,"서울특별시 영등포구 선유로49길 23, 1001호(양평동4가, 선유도역2차 아이에스비즈타워)",정보통신업,1,1,0,2,,2022,주식회사 매사,"서울특별시 영등포구 선유로49길 23, 1001호(양평동4가,아이에스비즈타워2차)",37.5354789,126.8943457,정보통신업,중소기업 33,1,1,1,3,2,+,2,2,1
2021,주식회사 모비젠,"서울특별시 송파구 법원로 128, C동 1610-1621호 (문정동, SK V1 GL메트로시티)",정보통신업,1,1,0,2,,2022,주식회사 모비젠,"서울특별시 송파구 법원로 128, C동 1610~1621호(문정동,SK V1 GL메트로시티)",37.4941097,127.0106092,정보통신업,중소기업 215,1,1,1,3,2,+,2,2,1
2021,주식회사 세계로시스템,"서울특별시 금천구 가산디지털1로 137, 1501호(가산동, IT캐슬2차)",정보통신업,1,0,0,1,,2022,주식회사 세계로시스템,"서울특별시 금천구 가산디지털1로 137, 1501호(가산동,IT캐슬2차)",37.4776295,126.8819887,정보통신업,중소기업 30,1,1,1,3,2,++,2,1,1
2021,주식회사 소프트보울,"서울특별시 서초구 반포대로10, 신원빌딩 4층 ",정보통신업,0,1,1,2,,2022,주식회사 소프트보울,"서울특별시 서초구 반포대로 10, 4층(서초동,신원빌딩)",37.4816121,127.0129701,정보통신업,중소기업 22,1,1,1,3,2,+,1,2,2
2021,주식회사 신시웨이,"서울특별시 송파구 법원로9길 26, D동 405호(문정동, 에이치비지니스파크)",정보통신업,0,1,1,2,,2022,주식회사 신시웨이,"서울특별시 송파구 법원로9길 26, D동 405호(문정동,에이치비지니스파크)",37.51492,127.10438,정보통신업,중소기업 61,1,1,1,3,2,+,1,2,2
2021,주식회사 아데나소프트웨어,"서울특별시 강남구 테헤란로 207, 14층 (역삼동, 아가방빌딩)",정보통신업,1,0,1,2,,2022,주식회사 아데나소프트웨어,"서울특별시 강남구 테헤란로 207, 14층(역삼동,아가방빌딩)",37.5016744,127.0387038,정보통신업,중소기업 67,1,1,1,3,2,+,2,1,2
2021,주식회사 청안오가닉스,"서울특별시 서초구 효령로29길 39, 301호 (방배동, 전일빌딩)",도매 및 소매업,0,0,1,1,,2022,주식회사 청안오가닉스,"서울특별시 서초구 서초대로 137, 신국빌딩 4층",37.4890232,126.9971401,도매 및 소매업,중소기업 19,1,1,1,3,2,++,1,1,2
2021,주식회사 투비원솔루션즈,"서울특별시 송파구 법원로11길 7, C동 1218호(문정동, 문정현대지식산업센터1-2)",정보통신업,0,0,1,1,,2022,주식회사 투비원솔루션즈,"서울특별시 송파구 법원로11길 7, C동 1218호(문정동,문정현대지식산업센터1-2)",37.4941097,127.0106092,정보통신업,중소기업 26,1,1,1,3,2,++,1,1,2
2021,주식회사 피플벤처스,"서울특별시 마포구 성암로 330, 621호 (상암동, DMC첨단산업센터)",정보통신업,0,0,1,1,,2022,주식회사 피플벤처스,"서울특별시 마포구 성암로 330, 621호(상암동,DMC첨단산업센터)",37.5848659,126.88598,정보통신업,중소기업 29,1,1,1,3,2,++,1,1,2
2021,코리아스펙트랄프로덕츠(주),"서울특별시 구로구 디지털로 273, 402호 (구로3동, 에이스트윈타워2차)",제조업,0,1,1,2,,2022,코리아스펙트랄프로덕츠(주),"서울특별시 구로구 디지털로 273, 407호(구로동,에이스트윈타워2차) ",37.4839163,126.8940805,제조업,중소기업 25,1,1,1,3,2,+,1,2,2
2021,테크하임주식회사,"서울특별시 서초구 반포대로24길 21 , 3층,4층(서초동, 솔본빌딩)",정보통신업,0,0,1,1,,2022,테크하임주식회사,"서울특별시 서초구 반포대로24길 21, 3,4층(서초동,솔본빌딩)",37.4897392,127.0103574,정보통신업,중소기업 50,1,1,1,3,2,++,1,1,2
2021,파이언넷(주),서울특별시 강서구 마곡동로 36 (마곡동),정보통신업,1,0,1,2,,2022,파이언넷(주),서울특별시 강서구 마곡동로 36,37.5590032,126.8343207,정보통신업,중소기업 181,1,1,1,3,2,+,2,1,2
2021,핌즈(주),"서울특별시 중랑구 신내역로3길 40-36, A동 1217호(신내동, 신내데시앙플렉스)",정보통신업,0,0,1,1,,2022,핌즈(주),"서울특별시 중랑구 신내역로3길 40-36, A동 1217호",37.6126681,127.1032127,정보통신업,중소기업 42,1,1,1,3,2,++,1,1,2
2021,(주)골든민커뮤니케이션,"서울특별시 종로구 종로 5길 58, 11층(수송동,석탄회관)",도매 및 소매업,0,0,1,1,,2022,(주)골든민커뮤니케이션,"서울특별시 종로구 종로5길 58, 11층(수송동,석탄회관)",37.5729507,126.9804136,도매 및 소매업,중소기업 26,1,0,1,2,3,+,1,0,2
2021,(주)나우티앤에스,"서울특별시 구로구 디지털로 273, 에이스트윈타워2차 1302호",정보통신업,1,1,0,2,,2022,(주)나우티앤에스,"서울특별시 구로구 디지털로 273 ,1302~1303호(구로동,에이스트윈타워2차) ",37.4839163,126.8940805,정보통신업,중소기업 42,1,1,0,2,3,=,2,2,0
2021,(주)대곤코퍼레이션,"서울특별시 구로구 디지털로 285, 1201호(구로동, 에이스트윈타워1차)",제조업,1,1,0,2,,2022,(주)대곤코퍼레이션,"서울특별시 구로구 디지털로 285, 12층(구로동,에이스트윈타워1차)",37.4844473,126.8944933,제조업,중소기업 133,1,1,0,2,3,=,2,2,0
2021,(주)라파스,"서울특별시 강서구 마곡중앙8로1길 62(마곡동, 라파스)",제조업,1,1,0,2,,2022,(주)라파스,서울특별시 강서구 마곡중앙8로1길 62(마곡동) ,37.560808,126.9223359,제조업,중소기업 100,1,0,1,2,3,=,2,1,1
2021,(주)모스티소프트,"서울특별시 영등포구 여의나루로 67, 17층(여의도동, 신송빌딩)",정보통신업,0,0,1,1,,2022,(주)모스티소프트,"서울특별시 영등포구 여의나루로 67, 17층(여의도동,신송빌딩)",37.5235124,126.9264939,정보통신업,중소기업 34,0,1,1,2,3,+,0,1,2
2021,(주)버즈빌,"서울특별시 송파구 석촌호수로 272, 3층(송파동, 대림빌딩)","전문, 과학 및 기술 서비스업",1,1,0,2,,2022,(주)버즈빌,"서울특별시 송파구 석촌호수로272, MY빌딩 2~5층",37.5099342,127.1059156,"전문, 과학 및 기술 서비스업",중소기업 102,1,1,0,2,3,=,2,2,0
2021,(주)브레인콜라,"서울특별시 서초구 강남대로 311, 706호 (서초동, 한화드림플러스)",정보통신업,1,0,1,2,,2022,(주)브레인콜라,"서울특별시 서초구 강남대로 311, 1201호(드림플러스 강남)",37.490867,127.0302433,정보통신업,중소기업 8,1,0,1,2,3,=,2,0,2
2021,(주)셀메이트,"서울특별시 마포구 만리재로 47, 공덕코어빌딩 3층, 5층 (신공덕동)",정보통신업,0,1,1,2,,2022,(주)셀메이트,"서울특별시 마포구 만리재로 47, 3층,5층(신공덕동,공덕코어빌딩)",37.5457559,126.9559855,정보통신업,중소기업 48,0,1,1,2,3,=,0,2,2
2021,(주)씨에스피아이,"서울특별시 서초구 바우뫼로27길 7-31, 예원빌딩 10층 (양재동)",정보통신업,0,1,1,2,,2022,(주)씨에스피아이,"서울특별시 서초구 강남대로 222-6, 7층(Zinam빌딩)",37.4837912,127.0357184,정보통신업,중소기업 202,0,1,1,2,3,=,0,2,2
2021,(주)아리네트웍스,"서울특별시 성동구 아차산로 144, 301호(성수동2가, 우영테크노센터)",도매 및 소매업,0,0,1,1,,2022,(주)아리네트웍스,"서울특별시 성동구 아차산로 144, 301호(성수동2가,우영테크노센터)",37.5430809,127.0595959,도매 및 소매업,중소기업 41,0,1,1,2,3,+,0,1,2
2021,(주)아미크,"서울특별시 성동구 성수일로 10, 1405-1406호(성수동1가, 서울숲 ITCT 지식산업센터)",정보통신업,1,1,0,2,,2022,(주)아미크,"서울특별시 성동구 성수일로 10, 1405,1406호(성수동1가,서울숲ITCT지식산업센터)",37.5457518,127.0469299,정보통신업,중소기업 17,1,0,1,2,3,=,2,1,1
2021,(주)아이티레이,"서울특별시 금천구 가산디지털1로 45, 704호 (가산동, 이앤씨드림타워8차)",도매 및 소매업,0,1,0,1,,2022,(주)아이티레이,"서울특별시 금천구 가산디지털1로 45, 704호(가산동,이앤씨드림타워8차)",37.4697672,126.8855646,도매 및 소매업,중소기업 24,1,1,0,2,3,+,1,2,0
2021,(주)애드캡슐소프트,"서울특별시 서초구 동광로12길 84, 성산관 4층",정보통신업,0,1,1,2,,2022,(주)애드캡슐소프트,"서울특별시 서초구 동광로12길 84, 성산관 4층",37.4885743,126.985083,정보통신업,중소기업 215,0,1,1,2,3,=,0,2,2
2021,(주)에스큐브아이,"서울특별시 서초구 동산로 23, 베델회관 3층",정보통신업,0,1,1,2,,2022,(주)에스큐브아이,"서울특별시 서초구 동산로 23, 3층(양재동,베델회관)",37.470275,127.0418645,정보통신업,중소기업 62,0,1,1,2,3,=,0,2,2
2021,(주)오엠인터랙티브,"서울특별시 성동구 성수이로22길 37, 502호 (성수동2가, 성수동 아크벨리)",정보통신업,0,1,1,2,,2022,(주)오엠인터랙티브,"서울특별시 성동구 성수이로22길 37, 502호(성수동2가,아크밸리)",37.5438837,127.0613025,정보통신업,중소기업 24,0,1,1,2,3,=,0,2,2
2021,(주)온피아,"서울특별시 구로구 디지털로33길 55, 405호(구로동, 이엔씨벤처드림타워2차)",정보통신업,0,0,1,1,,2022,(주)온피아,"서울특별시 구로구 디지털로34길 55, 1004호(구로동,이앤씨벤처드림타워2차)",37.4842333,126.8992725,정보통신업,중소기업 32,1,0,1,2,3,+,1,0,2
2021,(주)원인터시스템,"서울특별시 강남구 자곡로7길 4, 102호~104호(자곡동, 아세아ICT센터)",도매 및 소매업,0,0,1,1,,2022,(주)원인터시스템,"서울특별시 강남구 자곡로 7길4, 102~104호(자곡동,아세아ICT센터)",37.4660796,127.1095966,도매 및 소매업,중소기업 29,1,0,1,2,3,+,1,0,2
2021,(주)유니정보,"서울특별시 금천구 가산디지털1로 171, 513호 (가산동, 가산 SK V1 센터)",도매 및 소매업,0,1,1,2,,2022,(주)유니정보,"서울특별시 금천구 가산디지털1로 171, 513호(가산동,SK V1센터)",37.4806318,126.8805702,도매 및 소매업,중소기업 61,0,1,1,2,3,=,0,2,2
2021,(주)유브레인커뮤니케이션즈,"서울특별시 마포구 창전로 90, 6층 (신수동, 지씨빌딩)","전문, 과학 및 기술 서비스업",0,1,1,2,,2022,(주)유브레인커뮤니케이션즈,"서울특별시 마포구 창전로 90, 6층(신수동,지씨빌딩)",37.5504263,126.9332479,"전문, 과학 및 기술 서비스업",중소기업 47,0,1,1,2,3,=,0,2,2
2021,(주)이노티브아이엔씨,"서울특별시 금천구 디지털로9길 99, 611~612호 (가산동, 스타밸리)",도매 및 소매업,0,0,1,1,,2022,(주)이노티브아이엔씨,"서울특별시 금천구 디지털로9길 99, 611~612호(가산동,스타밸리)",37.4816074,126.8848307,도매 및 소매업,중소기업 16,0,1,1,2,3,+,0,1,2
2021,(주)인더포레스트,"서울특별시 강남구 테헤란로77길 11-18, 5층 (삼성동, 창애빌딩)",정보통신업,1,0,1,2,,2022,(주)인더포레스트,"서울특별시 강남구 테헤란로77길 11-18, 창애빌딩 5층",37.506891,127.0530296,정보통신업,중소기업 20,0,1,1,2,3,=,1,1,2
2021,(주)지오시스템,서울특별시 마포구 토정로14길 27,도매 및 소매업,0,1,1,2,,2022,(주)지오시스템,서울특별시 마포구 토정로14길 27(신정동),37.5444341,126.9322217,도매 및 소매업,중소기업 29,0,1,1,2,3,=,0,2,2
2021,(주)지테크시스템,"서울특별시 금천구 가산디지털2로 70, 1905호(대륭테크노타운19차)",제조업,0,0,1,1,,2022,(주)지테크시스템,"서울특별시 금천구 가산디지털2로 70, 817,1901~1906,1916~1918호(가산동,대륭테크노타운19차)",37.4746528,126.8822218,제조업,중소기업 58,1,0,1,2,3,+,1,0,2
2021,(주)컨트롤웍스,"서울특별시 강남구 언주로81길 13, 진일빌딩 3층 301호",도매 및 소매업,1,0,1,2,,2022,(주)컨트롤웍스,"서울특별시 강남구 언주로81길 13, 3층(진일빌딩)",37.4999491,127.0426097,도매 및 소매업,중소기업 48,1,0,1,2,3,=,2,0,2
2021,(주)코마츠코리아,"서울특별시 마포구 마포대로 53, A동 1007호 (도화동, 마포트라팰리스)",도매 및 소매업,0,0,1,1,,2022,(주)코마츠코리아,"서울특별시 마포구 마포대로 53, A동 1007호(도화동,마포트라팰리스)",37.5413911,126.9470437,도매 및 소매업,중소기업 20,0,1,1,2,3,+,0,1,2
2021,(주)콜텍,"서울특별시 강서구 화곡로61길 59 (등촌동, 그린빌딩)",제조업,1,0,1,2,,2022,(주)콜텍,"서울특별시 강서구 화곡로61길 59(등촌동,콜텍빌딩)",37.5576218,126.8490767,제조업,중견기업 65,1,0,1,2,3,=,2,0,2
2021,(주)클라모스,"서울특별시 구로구 디지털로242, 한화비즈메트로1차 708호, 709호",정보통신업,0,1,0,1,,2022,(주)클라모스,"서울특별시 구로구 디지털로 242, 709호(구로동, 한화비즈메트로1차)",37.4808224,126.8926653,정보통신업,중소기업 15,1,1,0,2,3,+,1,2,0
2021,(주)클루닉스,"서울특별시 영등포구 경인로 775, 1동 1206호 (문래동3가, 에이스하이테크시티)",정보통신업,1,0,1,2,,2022,(주)클루닉스,"서울특별시 영등포구 경인로 775, 1동 1206호(문래동3가,에이스하이테크시티)",37.5143974,126.8993822,정보통신업,중소기업 49,1,1,0,2,3,=,2,1,1
2021,(주)토미구조엔지니어링,"서울특별시 구로구 디지털로31길 41, 508호 (구로동, 이앤씨벤처드림타워6차)","전문, 과학 및 기술 서비스업",0,1,1,2,,2022,(주)토미구조엔지니어링,"서울특별시 구로구 디지털로31길 41, 508호(구로동, 이앤씨벤처드림타워6차)",37.4851381,126.8927305,"전문, 과학 및 기술 서비스업",중소기업 14,0,1,1,2,3,=,0,2,2
2021,(주)한국리서치,"서울특별시 강남구 봉은사로 179, H-TOWER 7층","전문, 과학 및 기술 서비스업",1,1,0,2,,2022,(주)한국리서치,"서울특별시 강남구 봉은사로 179, 7층(논현동,H타워)",37.5077424,127.0296024,"전문, 과학 및 기술 서비스업",중소기업 157,1,1,0,2,3,=,2,2,0
2021,(주)해양정보기술,"서울특별시 금천구 가산디지털2로 14, 1310호 (가산동, 대륭테크노타운12차)","전문, 과학 및 기술 서비스업",1,1,0,2,,2022,(주)해양정보기술,"서울특별시 금천구 가산디지털2로 14, 1312호(가산동,대륭테크노타운12차)",37.4696316,126.8842557,"전문, 과학 및 기술 서비스업",중소기업 60,1,1,0,2,3,=,2,2,0
2021,(주)휴노,"서울특별시 마포구 마포대로 109, 101동 1002~1004호 (공덕동, 롯데캐슬프레지던트)",정보통신업,0,1,1,2,,2022,(주)휴노,"서울특별시 마포구 마포대로 109, 101동 1002~1004호(공덕동,롯데캐슬프레지던트)",37.5448909,126.9506066,정보통신업,중소기업 99,0,1,1,2,3,=,0,2,2
2021,기산전자(주),서울특별시 성동구 성수이로20길 35 (성수동2가),제조업,1,1,0,2,,2022,기산전자(주),서울특별시 성동구 성수이로20길 35(성수동2가),37.542771,127.0606285,제조업,중소기업 133,1,1,0,2,3,=,2,2,0
2021,라온시큐어(주),"서울특별시 강남구 테헤란로 145, 11~13층, 16~18층 (역삼동, 우신빌딩)",정보통신업,1,1,0,2,,2022,라온시큐어(주),"서울특별시 강남구 테헤란로 145,18층(역삼동,우신빌딩)",37.5006707,127.0351734,정보통신업,중소기업 181,1,1,0,2,3,=,2,2,0
2021,씨이에프건설(주),"서울특별시 강남구 논현로30길 24, 3층 301호(도곡동, 대호빌딩)",기타,1,0,0,1,,2022,씨이에프건설(주),"서울특별시 강남구 논현로30길 24, 3층(도곡동,대호빌딩)",37.4838609,127.0440678,기타,중소기업 41,1,0,1,2,3,+,2,0,1
2021,에스큐아이소프트(주),"서울특별시 영등포구 선유로3길 10, 13층(문래동5가, 하우스디 비즈)",정보통신업,1,0,0,1,,2022,에스큐아이소프트(주),"서울특별시 영등포구 선유로3길 10, 13층(문래동5가,하우스디비즈)",37.515939,126.8867611,정보통신업,중소기업 175,1,1,0,2,3,+,2,1,0
2021,유비벨록스(주),"서울특별시 구로구 디지털로31길 12, 14층(구로동, 태평양물산)",정보통신업,1,1,0,2,,2022,유비벨록스(주),"서울특별시 구로구 디지털로31길 12, 13,14층(구로동,태평양물산)",37.4851811,126.8951168,정보통신업,중견기업 288,1,1,0,2,3,=,2,2,0
2021,주식회사 가인지캠퍼스,"서울특별시 마포구 토정로 12-3, 4층 (합정동)",도매 및 소매업,0,1,1,2,,2022,주식회사 가인지캠퍼스,"서울특별시 마포구 토정로 16, 2층",37.5454893,126.9125823,도매 및 소매업,중소기업 29,0,1,1,2,3,=,0,2,2
2021,주식회사 뉴본홀딩스,서울특별시 강남구 테헤란로28길 41(역삼동),"전문, 과학 및 기술 서비스업",0,0,1,1,,2022,주식회사 뉴본홀딩스,"서울특별시 강남구 역삼로73길 5(대치동,아크디뉴본) ",37.5023623,127.0549439,"전문, 과학 및 기술 서비스업",중소기업 41,0,1,1,2,3,+,0,1,2
2021,주식회사 대흥정보,"서울특별시 영등포구 문래북로 116, 트리플렉스 403호",정보통신업,0,1,1,2,,2022,주식회사 대흥정보,"서울특별시 영등포구 문래북로 116, 403호(문래동3가,트리플렉스)",37.5198016,126.8958877,정보통신업,중소기업 68,1,0,1,2,3,=,1,1,2
2021,주식회사 레뷰코퍼레이션,서울특별시 강남구 논현로135길 29 (논현동),"전문, 과학 및 기술 서비스업",0,0,1,1,,2022,주식회사 레뷰코퍼레이션,서울특별시 강남구 논현로135길 29(논현동),37.5160536,127.027393,"전문, 과학 및 기술 서비스업",중소기업 201,0,1,1,2,3,+,0,1,2
2021,주식회사 리스너,"서울특별시 강남구 선릉로93길 27, 9층(역삼동, 아름빌딩)",정보통신업,1,0,1,2,,2022,주식회사 리스너,"서울특별시 강남구 선릉로93길 27, 9층(역삼동,아름빌딩) ",37.5045113,127.0465394,정보통신업,중소기업 66,1,0,1,2,3,=,2,0,2
2021,주식회사 마담,"서울특별시 성동구 성수이로 119, 5층(성수동2가, 덕산빌딩)","전문, 과학 및 기술 서비스업",0,0,1,1,,2022,주식회사 마담,"서울특별시 성동구 성수이로 119, 5층(성수동2가,덕산빌딩)",37.5456931,127.0571312,"전문, 과학 및 기술 서비스업",중소기업 16,1,0,1,2,3,+,1,0,2
2021,주식회사 애드인텔리전스,"서울특별시 광진구 천호대로110길 7, 6~7층(능동, 마주빌딩) ",정보통신업,0,1,1,2,,2022,주식회사 애드인텔리전스,"서울특별시 광진구 천호대로110길 7, 6층(능동,마주빌딩)",37.5561313,127.0804914,정보통신업,중소기업 32,0,1,1,2,3,=,0,2,2
2021,주식회사 이바이오젠,"서울특별시 영등포구 선유로13길 25, 304-1호 (문래동6가, 에이스하이테크시티2)","전문, 과학 및 기술 서비스업",1,0,1,2,,2022,주식회사 이바이오젠,"서울특별시 성동구 뚝섬로17가길 48, 405호(성수동2가,성수에이원센터)",37.540619,127.059467,"전문, 과학 및 기술 서비스업",중소기업 31,1,0,1,2,3,=,2,0,2
2021,주식회사 제스파,"서울특별시 송파구 법원로11길 25, A동 901~915호 (문정동, 에이치비지니스파크)",도매 및 소매업,1,1,0,2,,2022,주식회사 제스파,"서울특별시 송파구 법원로11길 25, A동 9층(문정동,에이치비지니스파크)",37.4941097,127.0106092,도매 및 소매업,중소기업 66,1,1,0,2,3,=,2,2,0
2021,주식회사 트리거파트너스,"서울특별시 강남구 논현로114길 11, 2층 (논현동, 해광빌딩)","전문, 과학 및 기술 서비스업",1,1,0,2,,2022,주식회사 트리거파트너스,"서울특별시 강남구 논현로114길 11, 2층(논현동,해광빌딩)",37.5089595,127.0344379,정보통신업,중소기업 24,1,1,0,2,3,=,2,2,0
2021,코아인텍 주식회사,"서울특별시 영등포구 양평로21길 26, 1303호(양평동5가, 선유도역1차아이에스비즈타워)",도매 및 소매업,0,0,1,1,,2022,코아인텍 주식회사,"서울특별시 영등포구 양평로21길 26, 1303호(양평동5가,아이에스비즈타워1차)",37.5380675,126.8930945,도매 및 소매업,중소기업 18,0,1,1,2,3,+,0,1,2
2021,희래 주식회사,"서울특별시 강남구 강남대로 302, 15층 (역삼동, 동희빌딩)",도매 및 소매업,1,0,1,2,,2022,희래 주식회사,"서울특별시 강남구 강남대로 302, 15층(역삼동,동희빌딩)",37.504988,127.0477422,도매 및 소매업,중소기업 10,1,0,1,2,3,=,2,0,2
2021,(주)강안교육,"서울특별시 강남구 삼성로76길 23-22(대치동, 에비앙빌딩 1층)",기타,1,1,1,3,,2022,(주)강안교육,서울특별시 강남구 영동대로 85길 20-9 강안교육빌딩,37.50754571,127.0616378,기타,중소기업 15,1,1,0,2,4,-,2,2,1
2021,(주)다하미커뮤니케이션즈,"서울특별시 중구 마른내로 140, 5층(쌍림동, 인쇄정보센터)",정보통신업,1,1,1,3,,2022,(주)다하미커뮤니케이션즈,"서울특별시 중구 마른내로 140, 5층(쌍림동,인쇄정보센터)",37.5644725,127.0035696,정보통신업,중소기업 54,0,1,1,2,4,-,1,2,2
2021,(주)레드소프트,"서울특별시 구로구 디지털로31길 38-21, 309호(구로동,이앤씨벤처드림타워3차)",정보통신업,1,1,1,3,,2022,(주)레드소프트,"서울특별시 구로구 디지털로31길 38-21, 309호(구로동,이앤씨벤처드림타워3차)",37.486478,126.893699,정보통신업,중소기업 27,0,1,1,2,4,-,1,2,2
2021,(주)백조씽크,"서울특별시 동대문구 청계천로 463, 백조빌딩 4층",제조업,1,1,1,3,,2022,(주)백조씽크,서울특별시 동대문구 청계천로 463(용두동),37.5705541,127.0288254,제조업,중소기업 109,1,0,1,2,4,-,2,1,2
2021,(주)브이티피엘,"서울특별시 강남구 테헤란로2길 27, 921호(역삼동, 패스트파이브빌딩)",도매 및 소매업,1,1,1,3,,2022,(주)브이티피엘,"서울특별시 강남구 테헤란로2길 27, 921,1307호(역삼동,패스트파이브빌딩)",37.4964557,127.0296885,도매 및 소매업,중소기업 37,1,0,1,2,4,-,2,1,2
2021,(주)세일종합기술공사,"서울특별시 영등포구 영등포로 362, 세일빌딩","전문, 과학 및 기술 서비스업",1,1,1,3,,2022,(주)세일종합기술공사,"서울특별시 영등포구 영등포로 362(신길동,세일빌딩)",37.5141059,126.9179414,"전문, 과학 및 기술 서비스업",중소기업 270,1,1,0,2,4,-,2,2,1
2021,(주)엠토스솔루션스,"서울특별시 금천구 가산디지털1로 219, 811호,1112호(가산동, 벽산디지털밸리 6차)",도매 및 소매업,1,1,1,3,,2022,(주)엠토스솔루션스,"서울특별시 금천구 가산디지털1로 219, 811호,1112호(가산동,벽산디지털밸리6차)",37.4844389,126.8789745,도매 및 소매업,중소기업 59,0,1,1,2,4,-,1,2,2
2021,(주)예평이앤씨,"서울특별시 송파구 충민로 10, 8층 S-17호 (문정동, 가든파이브툴)","전문, 과학 및 기술 서비스업",1,1,1,3,,2022,(주)예평이앤씨,"서울특별시 송파구 충민로 10, 가든파이브 툴동 8층 S-17호",37.4782316,127.1193703,"전문, 과학 및 기술 서비스업",중소기업 33,1,1,0,2,4,-,2,2,1
2021,(주)이너버스,"서울특별시 영등포구 양평로21길 26, 1604~7호(양평동5가, 아이에스비즈타워)",정보통신업,1,1,1,3,,2022,(주)이너버스,"서울특별시 영등포구 양평로21길 26, 1604~1607호(양평동5가,아이에스비즈타워)",37.5367375,126.8930576,정보통신업,중소기업 26,0,1,1,2,4,-,1,2,2
2021,(주)이에이엔테크놀로지,서울특별시 강남구 테헤란로77길 11-19 EAN빌딩,"전문, 과학 및 기술 서비스업",1,1,1,3,,2022,(주)이에이엔테크놀로지,"서울특별시 강남구 테헤란로77길 11-19(삼성동,EAN빌딩)",37.5066325,127.0530454,"전문, 과학 및 기술 서비스업",중소기업 109,1,0,1,2,4,-,2,1,2
2021,(주)태조엔지니어링,"서울특별시 송파구 백제고분로 503(방이동, 유정빌딩)","전문, 과학 및 기술 서비스업",1,1,1,3,,2022,(주)태조엔지니어링,"서울특별시 송파구 백제고분로 503, 4층(방이동,유정빌딩)",37.5153294,127.1148544,"전문, 과학 및 기술 서비스업",중소기업 272,1,0,1,2,4,-,2,1,2
2021,(주)펨트론,"서울특별시 금천구 가산디지털1로 219, 1406호(가산동, 벽산디지털밸리6차)",제조업,1,1,1,3,,2022,(주)펨트론,"서울특별시 금천구 가산디지털1로 219, 1406호(가산동,벽산디지털밸리6차)",37.4844389,126.8789745,제조업,중소기업 178,1,1,0,2,4,-,2,2,1
2021,(주)한국해사기술,"서울특별시 강남구 학동로 175, 5층(논현동, 미디어센터)","전문, 과학 및 기술 서비스업",1,1,1,3,,2022,(주)한국해사기술,"서울특별시 강남구 학동로 175, 5층(논현동,미디어센터)",37.5140226,127.0300222,"전문, 과학 및 기술 서비스업",중소기업 112,1,1,0,2,4,-,2,2,1
2021,어드밴텍케이알(주),"서울특별시 강서구 강서로 468, 1202호(등촌동, 테크노타워)",제조업,1,1,1,3,,2022,어드밴텍케이알(주),"서울특별시 강서구 강서로 468, 1202호(등촌동,에이스타워)",37.5671533,126.8414978,제조업,중견기업 116,1,1,0,2,4,-,2,2,1
2021,엘앤피코스메틱(주),"서울특별시 강서구 공항대로 516 (등촌동, 메디힐빌딩)",도매 및 소매업,1,1,1,3,,2022,엘앤피코스메틱(주),"서울특별시 강서구 공항대로 516(등촌동,메디힐빌딩)",37.5512894,126.8634236,도매 및 소매업,중견기업 166,1,1,0,2,4,-,2,2,1
2021,위시컴퍼니(주),"서울특별시 강남구 테헤란로 211, 한국고등교육재단 14층",도매 및 소매업,1,1,1,3,,2022,위시컴퍼니(주),"서울특별시 강남구 테헤란로 211, 14층(역삼동)",37.5045703,127.0494465,도매 및 소매업,중소기업 89,1,1,0,2,4,-,2,2,1
2021,주식회사 온채널,"서울특별시 용산구 새창로 217, 806호(한강로2가, 용산토투밸리)",도매 및 소매업,1,1,1,3,,2022,주식회사 온채널,"서울특별시 용산구 새창로 217, 806호(한강로2가,용산토투밸리) ",37.529196,126.967903,도매 및 소매업,중소기업 36,0,1,1,2,4,-,1,2,2
2021,주식회사 이뮤노맥스,"서울특별시 성북구 안암로 145, 고려대학교 자연계캠퍼스 산학관 309호(안암동5가, 고려대학교안암캠퍼스)","전문, 과학 및 기술 서비스업",1,1,1,3,,2022,주식회사 이뮤노맥스,"서울특별시 성북구 안암로 145, 309호(안암동5가,고려대 자연계캠퍼스 산학관)",37.5900117,127.0318586,"전문, 과학 및 기술 서비스업",중소기업 17,1,0,1,2,4,-,2,1,2
2021,쿠도커뮤니케이션(주),"서울특별시 서초구 효령로 171, 3층 302호(서초동, 용상빌딩)",제조업,1,1,1,3,,2022,쿠도커뮤니케이션(주),"서울특별시 서초구 효령로 171, 용상빌딩 302호",37.4824078,127.0028175,제조업,중소기업 237,1,1,0,2,4,-,2,2,1
2021,(주)다래전략사업화센터,"서울특별시 강남구 테헤란로 132, 11층 (역삼동, 한독약품빌딩)","전문, 과학 및 기술 서비스업",0,1,0,1,,2022,(주)다래전략사업화센터,"서울특별시 강남구 테헤란로 132, 한독빌딩 11층",37.499294,127.0331883,"전문, 과학 및 기술 서비스업",중소기업 50,0,1,0,1,5,=,0,2,0
2021,(주)다임즈,"서울특별시 구로구 디지털로273, 1105호 (구로동, 에이스트윈타워2차)",정보통신업,0,1,0,1,,2022,(주)다임즈,"서울특별시 구로구 디지털로 273, 1105호(구로동,에이스트윈타워2차) ",37.4839163,126.8940805,정보통신업,중소기업 53,0,1,0,1,5,=,0,2,0
2021,(주)단해,"서울특별시 강서구 마곡중앙로 165, 1201호(안강프라이빗타워)",제조업,1,0,0,1,,2022,(주)단해,"서울특별시 강서구 마곡중앙로 165, 1201호(마곡동,프라이빗타워) ",37.6024241,126.8702371,제조업,중소기업 95,1,0,0,1,5,=,2,0,0
2021,(주)디에스티인터내셔날,"서울특별시 금천구 가산디지털1로 149, 12층 1201호~1205호(가산동,신한이노플렉스)",정보통신업,0,1,0,1,,2022,(주)디에스티인터내셔날,"서울특별시 금천구 가산디지털1로 149, 1201~1205호(신한이노플렉스)",37.4786827,126.8815925,정보통신업,중소기업 96,0,1,0,1,5,=,0,2,0
2021,(주)서울스탠다드,"서울특별시 금천구 가산디지털1로 233, 에이스하이엔드타워 9차 407호",제조업,1,0,0,1,,2022,(주)서울스탠다드,"서울특별시 금천구 가산디지털1로 233, 3층(가산동,에이스하이엔드타워9차)",37.4857867,126.878377,제조업,중소기업 157,1,0,0,1,5,=,2,0,0
2021,(주)솔루텍시스템,"서울특별시 영등포구 영신로 220, 1104호 (영등포동8가, 케이엔케이디지털타워)",정보통신업,0,1,0,1,,2022,(주)솔루텍시스템,"서울특별시 영등포구 영신로 220, 1104호(영등포동8가,KnK디지털타워)",37.526554,126.904299,정보통신업,중소기업 31,0,1,0,1,5,=,0,2,0
2021,(주)시큐레이어,"서울특별시 성동구 성수일로 4길 25, 1407호(성수동2가, 서울숲코오롱디지털타워)",정보통신업,0,0,1,1,,2022,(주)시큐레이어,"서울특별시 성동구 성수일로4길 25, 1407호(성수동2가,서울숲코오롱디지털타워)",37.542509,127.0518608,정보통신업,중소기업 92,0,0,1,1,5,=,0,0,2
2021,(주)아이센트,"서울특별시 성동구 아차산로17길 49, 성수 생각공장 데시앙플렉스 1515호",정보통신업,0,1,0,1,,2022,(주)아이센트,"서울특별시 성동구 아차산로17길 49, 1515호(성수동2가,생각공장 데시앙플렉스)",37.5476689,127.0465524,정보통신업,중소기업 60,0,1,0,1,5,=,0,2,0
2021,(주)오픈프레스,"서울특별시 성동구 상원1길 26, 서울숲에이타워 406호,407호","전문, 과학 및 기술 서비스업",0,0,1,1,,2022,(주)오픈프레스,"서울특별시 성동구 상원1길 26, 406,407호(성수동1가,서울숲에이타워)",37.5461925,127.0481679,"전문, 과학 및 기술 서비스업",중소기업 15,0,0,1,1,5,=,0,0,2
2021,(주)웨인테크놀로지,"서울특별시 구로구 디지털로 34길 55, 1314~1315호(구로동, 코오롱싸이언스밸리2차)",정보통신업,1,0,0,1,,2022,(주)웨인테크놀로지,"서울특별시 구로구 디지털로34길 55, 1314~1315호(구로동,코오롱싸이언스밸리2차)",37.4842333,126.8992725,정보통신업,중소기업 63,1,0,0,1,5,=,2,0,0
2021,(주)이엠텍아이엔씨,"서울특별시 용산구 청파로 40, 3층 (한강로3가, 삼구빌딩)",도매 및 소매업,0,1,0,1,,2022,(주)이엠텍아이엔씨,"서울특별시 용산구 청파로 40, 3층(한강로3가,삼구빌딩)",37.5317631,126.9560302,도매 및 소매업,중견기업 65,0,0,1,1,5,=,0,1,1
2021,(주)인성아이티,"서울특별시 영등포구 양평로22길21, 코오롱디지털타워 203~4호",도매 및 소매업,0,0,1,1,,2022,(주)인성아이티,"서울특별시 영등포구 양평로22길 21, A203,204호(양평동5가,선유도코오롱디지털타워)",37.5399348,126.8942845,도매 및 소매업,중소기업 18,0,0,1,1,5,=,0,0,2
2021,(주)투와이드컴퍼니,"서울특별시 강남구 남부순환로351길 19, 4층,6층 (도곡동)",정보통신업,0,0,1,1,,2022,(주)투와이드컴퍼니,"서울특별시 강남구 남부순환로351길 19, 4,6층(도곡동)",37.48601,127.0341035,정보통신업,중소기업 69,0,0,1,1,5,=,0,0,2
2021,(주)플립커뮤니케이션즈,"서울특별시 강남구 도산대로24길 7, 효진빌딩 3층",정보통신업,0,1,0,1,,2022,(주)플립커뮤니케이션즈,"서울특별시 강남구 학동로11길 20-7, 플립타워",37.5139219,127.025121,정보통신업,중소기업 103,0,1,0,1,5,=,0,2,0
2021,넥시큐어시스템테크놀로지(주),"서울특별시 영등포구 국회대로68길 11, 401호 (여의도동, 삼보호정빌딩)",정보통신업,0,0,1,1,,2022,넥시큐어시스템테크놀로지(주),"서울특별시 영등포구 국회대로68길 11, 401호(여의도동,삼보호정빌딩)",37.5291772,126.9196429,정보통신업,중소기업 27,0,0,1,1,5,=,0,0,2
2021,모락스트레이딩(주),"서울특별시 중구 서소문로 116 (서소문동, 유원빌딩)",제조업,1,0,0,1,,2022,모락스트레이딩(주),"서울특별시 중구 서소문로 116(서소문동,유원빌딩)",37.5627296,126.9739978,제조업,중소기업 70,1,0,0,1,5,=,2,0,0
2021,법무법인 비트,"서울특별시 강남구 영동대로 735, 9층(청담동)","전문, 과학 및 기술 서비스업",0,0,1,1,,2022,법무법인 비트,"서울특별시 강남구 영동대로 735, 8,9층(청담동,골프존타워서울) ",37.5233198,127.0545365,"전문, 과학 및 기술 서비스업",중소기업 21,0,0,1,1,5,=,0,0,2
2021,세기정보통신(주),"서울특별시 구로구 디지털로 272, 1213호(구로동, 한신아이티타워)",정보통신업,0,0,1,1,,2022,세기정보통신(주),"서울특별시 구로구 디지털로 272, 1213호(구로동,한신IT타워)",37.4824724,126.894424,정보통신업,중소기업 85,0,0,1,1,5,=,0,0,2
2021,아이리노테크 주식회사,"서울특별시 구로구 디지털로 271, 408호 (구로동, 벽산디지털밸리Ⅲ)",도매 및 소매업,0,0,1,1,,2022,아이리노테크 주식회사,"서울특별시 구로구 디지털로 271, 408호",37.4831253,126.8937032,도매 및 소매업,중소기업 15,0,0,1,1,5,=,0,0,2
2021,오브젠 주식회사,"서울특별시 영등포구 여의대로 14, 12층 (여의도동, KT여의도지점)",정보통신업,1,0,0,1,,2022,오브젠 주식회사,"서울특별시 영등포구 여의대로 14, 12층(여의도동,KT여의도타워)",37.5215802,126.9191389,정보통신업,중소기업 183,1,0,0,1,5,=,2,0,0
2021,온라인바다(주),"서울특별시 금천구 서부샛길 606, B동 2703호 (가산동, 대성디폴리스지식산업센터)",정보통신업,0,1,0,1,,2022,온라인바다(주),"서울특별시 금천구 서부샛길 606, B동 2703호(가산동,대성디폴리스지식산업센터)",37.47927853,126.8763739,정보통신업,중소기업 12,0,1,0,1,5,=,0,2,0
2021,이노테크놀로지 주식회사,"서울특별시 금천구 가산디지털2로 184, 1112~1113호 (가산동, 벽산디지털밸리2차)",도매 및 소매업,0,0,1,1,,2022,이노테크놀로지 주식회사,"서울특별시 금천구 가산디지털2로 184, 1110,1112,1113호(가산동,벽산디지털밸리2차)",37.4839124,126.8780977,도매 및 소매업,중소기업 61,0,0,1,1,5,=,0,0,2
2021,이에스콘트롤스(주),서울특별시 강남구 언주로94길 9-1 (역삼동),제조업,0,0,1,1,,2022,이에스콘트롤스(주),"서울특별시 강남구 언주로 94길 9-1, 2층(역삼동)",37.5046691,127.0427643,제조업,중소기업 18,1,0,0,1,5,=,1,0,1
2021,주식회사 매스티지,"서울특별시 마포구 동교로23길 6, 1층, 5층 (동교동, 달리빌딩)",정보통신업,0,0,1,1,,2022,주식회사 매스티지,"서울특별시 마포구 동교로23길 6, 1층(동교동,달리빌딩)",37.5565906,126.9210865,정보통신업,중소기업,0,0,1,1,5,=,0,0,2
2021,주식회사 미르테크,"서울특별시 서초구 사임당로 64, 3층 (서초동, 교대벤처타워)",정보통신업,0,1,0,1,,2022,주식회사 미르테크,"서울특별시 서초구 사임당로 64, 3층(서초동,교대벤처타워)",37.4888506,127.0169124,정보통신업,중소기업 20,0,1,0,1,5,=,0,2,0
2021,주식회사 솔박스,"서울특별시 강남구 테헤란로124, 10층 (역삼동, 삼원타워)",정보통신업,0,1,0,1,,2022,주식회사 솔박스,"서울특별시 강남구 테헤란로 124, 10층(역삼동,삼원타워)",37.4987464,127.03169,정보통신업,중소기업 76,0,1,0,1,5,=,0,2,0
2021,주식회사 에코아이티,"서울특별시 강남구 테헤란로78길 14-6, 5층(대치동, 동성빌딩)",정보통신업,0,0,1,1,,2022,주식회사 에코아이티,"서울특별시 강남구 테헤란로78길 14-6, 5층(대치동,동성빌딩)",37.5052845,127.0549501,정보통신업,중소기업 133,0,0,1,1,5,=,0,0,2
2021,피에스피에프앤디 주식회사,"서울특별시 송파구 송이로 99, 2층(가락동, PSP빌딩)",도매 및 소매업,0,0,1,1,,2022,피에스피에프앤디 주식회사,"서울특별시 송파구 송이로 99, 피에스피빌딩 2층전관",37.4974645,127.1214018,도매 및 소매업,중소기업 34,0,0,1,1,5,=,0,0,2
2021,(주)고려아카데미컨설팅,"서울특별시 금천구 디지털로9길 32, B동 17층 (가산동, 갑을그레이트밸리)",기타,0,1,1,2,,2022,(주)고려아카데미컨설팅,"서울특별시 금천구 디지털로9길 32, B동 17층(가산동,갑을그레이트벨리)",37.4794491,126.8874768,기타,중소기업 80,0,1,0,1,6,-,0,2,1
2021,(주)다미화학,"서울특별시 금천구 가산디지털2로 184, 709호 (가산동, 벽산디지털밸리2차)",도매 및 소매업,0,1,1,2,,2022,(주)다미화학,"서울특별시 금천구 가산디지털2로 184, 709호(가산동,벽산디지털밸리2차)",37.4839124,126.8780977,도매 및 소매업,중소기업 21,0,1,0,1,6,-,0,2,1
2021,(주)익진엔지니어링,"서울특별시 강남구 역삼로 124, 청보빌딩 6층",기타,1,0,1,2,,2022,(주)익진엔지니어링,"서울특별시 강남구 역삼로 124, 6층(역삼동,청보빌딩)",37.4937098,127.0332636,기타,중소기업 18,0,0,1,1,6,-,1,0,2
2021,(주)잉카엔트웍스,"서울특별시 강남구 논현로 608, 1층 (논현동, 덕수빌딩)",정보통신업,1,0,1,2,,2022,(주)잉카엔트웍스,"서울특별시 강남구 논현로 608, 1층(논현동,덕수빌딩)",37.5158277,127.020128,정보통신업,중소기업 28,1,0,0,1,6,-,2,0,1
2021,(주)정도유아이티,"서울특별시 강남구 테헤란로38길 29, 5층(역삼동, 이원빌딩)",정보통신업,1,1,0,2,,2022,(주)정도유아이티,"서울특별시 강남구 테헤란로38길 29, 5층(역삼동,이원빌딩)",37.5005059,127.0428253,정보통신업,중소기업 77,0,1,0,1,6,-,1,2,0
2021,(주)제이에프엠테크,"서울특별시 구로구 디지털로26길 123, 1604호(구로동, 지플러스타워)",도매 및 소매업,1,0,1,2,,2022,(주)제이에프엠테크,"서울특별시 구로구 디지털로26길 123, 1604호(구로동,지플러스타워) ",37.482941,126.8977956,도매 및 소매업,중소기업 18,0,0,1,1,6,-,1,0,2
2021,(주)조아라,"서울특별시 금천구 가산디지털1로 131, B동 21층 2104호 (가산동, BYC HIGHCITY 지식산업센터)",정보통신업,1,0,1,2,,2022,(주)조아라,"서울특별시 금천구 가산디지털1로 131, B동 2104호(가산동,비와이씨하이시티 지식산업센터)",37.4769739,126.8823128,정보통신업,중소기업 76,0,1,0,1,6,-,1,1,1
2021,(주)크로니아이티,"서울특별시 송파구 중대로 113, 전기회관 5층",정보통신업,1,0,1,2,,2022,(주)크로니아이티,"서울특별시 송파구 중대로 113, 5층(가락동,전기회관)",37.4939614,127.1208265,정보통신업,중소기업 49,1,0,0,1,6,-,2,0,1
2021,(주)트루엔,"서울특별시 구로구 디지털로33길 28, 1309호 (구로동, 우림이비지센터1차)",제조업,1,1,0,2,,2022,(주)트루엔,"서울특별시 구로구 디지털로33길 28, 1309호(구로동,우림이비지센터1차)",37.4869767,126.8952883,제조업,중소기업 99,1,0,0,1,6,-,2,1,0
2021,(주)트리플하이엠,"서울특별시 금천구 디지털로121, 에이스가산타워 10층","전문, 과학 및 기술 서비스업",0,1,1,2,,2022,(주)트리플하이엠,"서울특별시 금천구 디지털로 121, 10층(가산동,에이스가산타워)",37.4760213,126.8801122,"전문, 과학 및 기술 서비스업",중소기업 139,0,1,0,1,6,-,0,2,1
2021,대신통신기술(주),"서울특별시 영등포구 버드나루로 9, 3~4층(영등포동2가, 천일빌딩)",기타,0,1,1,2,,2022,대신통신기술(주),"서울특별시 영등포구 버드나루로 9, 3,4층(영등포동2가,천일빌딩)",37.5196505,126.912255,기타,중소기업 98,0,1,0,1,6,-,0,2,1
2021,삼정데이타서비스(주),"서울특별시 구로구 디지털로 306 , 4층 416호,417호,421호(구로동, 대륭포스트타워2차)",정보통신업,1,0,1,2,,2022,삼정데이타서비스(주),"서울특별시 구로구 디지털로 306, 416,417,421호(구로동,대륭포스트타워2차)",37.4858838,126.8973216,정보통신업,중소기업 74,0,0,1,1,6,-,1,0,2
2021,주식회사 비투엔,"서울특별시 영등포구 선유로 146, 2층 210호(양평동3가, 이앤씨드림타워)",정보통신업,1,1,0,2,,2022,주식회사 비투엔,"서울특별시 영등포구 선유로 146, 210호(양평동3가,이앤씨드림타워)",37.5277212,126.8915678,정보통신업,중소기업 146,1,0,0,1,6,-,2,1,0
2021,주식회사 새누,"서울특별시 금천구 가산디지털1로 171, 912~918호(가산동, 가산 SK V1센터)",정보통신업,1,1,0,2,,2022,주식회사 새누,"서울특별시 금천구 가산디지털1로 171, 912~918호(가산동,SK V1 센터)",37.4806318,126.8805702,정보통신업,중소기업 26,0,1,0,1,6,-,1,2,0
2021,주식회사 제이콥시스템,"서울특별시 송파구 송파대로 201, B동 1319~1321호 (문정동, 송파 테라타워2)",정보통신업,0,1,1,2,,2022,주식회사 제이콥시스템,"서울특별시 송파구 송파대로 201, B동 1313호,1319~1321호(문정동,송파테라타워2)",37.4851331,127.1238462,정보통신업,중소기업 22,0,0,1,1,6,-,0,1,2
2021,(주)나온웍스,"서울특별시 구로구 디지털로 271, 711호(구로동, 벽산디지털밸리Ⅲ)",정보통신업,1,1,1,3,,2022,(주)나온웍스,"서울특별시 구로구 디지털로 271, 711호(구로동,벽산디지털밸리3차)",37.4831253,126.8937032,정보통신업,중소기업 35,0,1,0,1,7,--,1,2,1
2021,(주)사이냅소프트,"서울특별시 구로구 디지털로33길 12, 906호(구로동, 우림이비지센터2차)",정보통신업,1,1,1,3,,2022,(주)사이냅소프트,"서울특별시 강서구 마곡중앙4로 62(마곡동,사이냅소프트 R&D센터)",37.5735074,126.8285405,정보통신업,중소기업 50,1,0,0,1,7,--,2,1,1
2021,(주)아이비즈소프트웨어,"서울특별시 영등포구 선유로 70,  1301호(문래동3가, 우리벤처타운2)",정보통신업,1,1,1,3,,2022,(주)아이비즈소프트웨어,"서울특별시 영등포구 선유로 70, 1301호(문래동3가,우리벤처타운2)",37.5200945,126.8897017,정보통신업,중소기업 68,0,0,1,1,7,--,1,1,2
2021,(주)에스엔제이,"서울특별시 구로구 디지털로31길 19, 604호 (구로동, 에이스테크노타워Ⅱ)",제조업,1,1,1,3,,2022,(주)에스엔제이,"서울특별시 구로구 디지털로31길 19, 604호(구로동,에이스테크노타워Ⅱ)",37.4848555,126.8937342,제조업,중소기업 19,0,0,1,1,7,--,1,1,2
2021,(주)유창하이텍,"서울특별시 영등포구 버드나루로 50, 2층(영등포동2가, 리버타워오피스텔) ",제조업,1,1,1,3,,2022,(주)유창하이텍,"서울특별시 영등포구 버드나루로50, 리버타워 2층",37.5231808,126.9110957,제조업,중소기업 75,0,1,0,1,7,--,1,2,1
2021,(주)이노시뮬레이션,"서울특별시 강서구 마곡중앙8로7길 5(마곡동, 이노캠퍼스)","전문, 과학 및 기술 서비스업",1,1,1,3,,2022,(주)이노시뮬레이션,"서울특별시 강서구 마곡중앙8로7길 5(마곡동,이노캠퍼스)",37.5742249,126.8380453,"전문, 과학 및 기술 서비스업",중소기업 77,0,1,0,1,7,--,1,2,1
2021,(주)이든앤앨리스마케팅,"서울특별시 서초구 강남대로 483, 청호타워 12층","전문, 과학 및 기술 서비스업",1,1,1,3,,2022,(주)이든앤앨리스마케팅,"서울특별시 강남구 테헤란로87길 36, 1505~7호(삼성동,도심공항타워)",37.5102556,127.058472,"전문, 과학 및 기술 서비스업",중소기업 242,0,0,1,1,7,--,1,1,2
2021,(주)인사커뮤니케이션,"서울특별시 성동구 연무장5가길 25, SK V1타워 1007호",정보통신업,1,1,1,3,,2022,(주)인사커뮤니케이션,"서울특별시 성동구 연무장5가길 25, 1007호(성수동2가,SK V1타워)",37.5433863,127.0554176,정보통신업,중소기업 26,0,1,0,1,7,--,1,2,1
2021,(주)트랜서핑,서울특별시 종로구 율곡로5길 12-2(안국동),도매 및 소매업,1,1,1,3,,2022,(주)트랜서핑,서울특별시 종로구 율곡로5길 12-2(안국동) ,37.5771421,126.9852892,도매 및 소매업,중소기업 20,0,0,1,1,7,--,1,1,2
2021,주식회사 마크애니,"서울특별시 중구 퇴계로 286, 7층, 10층(쌍림동, 쌍림빌딩)",정보통신업,1,1,1,3,,2022,주식회사 마크애니,"서울특별시 중구 퇴계로 286, 10층(쌍림동,쌍림빌딩)",37.5630357,127.003606,정보통신업,중소기업 174,1,0,0,1,7,--,2,1,1
