카페명,간략소개,공간소개,이용시간,휴무일,시설안내,시설안내,시설안내,시설안내,시설안내,시설안내,시설안내,시설안내,시설안내,시설안내,예약시주의사항,예약시주의사항,예약시주의사항,예약시주의사항,예약시주의사항,예약시주의사항,예약시주의사항,예약시주의사항,예약시주의사항,예약시주의사항,상세주소,위도,경도,승인방법,카페이미지주소,카페유형
서울시청년일자리센터,청년 특화공간 서울시 청년일자리센터입니다.  ,※ 서울시청년일자리센터 공간이용 안내입니다.  청년 특화공간 서울시 청년일자리센터!  청년 취업을 위한 모든 서비스를 제공합니다.   하고싶은 일도 많고  뜨거운 열정을 불태울 준비도 된 당신 청춘의 한때를 치열하게 고민하며 길을 찾는 청년의 삶에 함께 하기 위해 서울시가 길을 나섰습니다. 취업을 위한 준비 일자리에 관한 정보 새롭게 열리는 사회 진출의 길 그 길을 함께 해줄 선배와 멘토까지 청년의 곁 가장 가까이에서 가장 든든한 조력자가 되려 합니다.   도전과 성장으로 활짝 웃는 청년의 삶 서울시가 함께 합니다.  ※ 서울시 청년일자리센터는 청년들이 취업관련 활동으로 활용하는 공간입니다.      무료 공간은 청년들을 위해서만 개방되어 있습니다.  ※ 쾌적한 공간 운영을 위해 음식 섭취는 불가합니다. ※ 주차는 건물 주차장을 유료로 이용가능합니다. 장교빌딩 02-778-4611,공간이용 월~금 09~21시/ 토 09~18시 (구직상담 평일 9~18시 가능),일요일공휴일,다목적홀 ,세미나룸(20석~25석 규모),스터디룸 (6인 그룹스터디룸 2인 스터디룸 개인 스터디공간),공간운영시간 : 월~금 09:00~21:00 토 09:00~18:00 ,☆ 청년일자리센터 스터디룸 이용방법: 서울일자리포털 또는 모바일앱 예약,☆ 일자리카페 프로그램 문의: 731-9570~9,☆ 세미나룸 다목적홀 대관 문의: 731-9570 (확인사항: 연락처 일정 목적 인원 등),☆ 스터디룸 문의: 731-9570 (매달 20일 이후 평일기준으로 다음달 스케줄 업로드),☆ 구인 구직 문의: 731-9511,★ 서울고용노동청 및 고용복지플러스센터 1350 2231-0009,취업관련 청년활동(취업스터디면접준비해당주제관련모임)에 한해서만 이용이 가능합니다,예약을 통해서만 이용이 가능합니다. 좋은 공간을 많은 사람들이 공유하자는 취지에서 1팀 최대 3시간 예약 가능합니다.,이용목적을 기재해 주시기 바랍니다. ※ 예시:  인적성 NCS공기업면접00그룹00자격증실기 전공(경영학등)공부 등,이용 목적을 기재하지 않으실 경우 예약 취소가 될 수 있으며 이용목적에 맞지 않을 경우 사용승인 취소될 수 있음을 양해해 주시기 바랍니다. ,음식물 반입 및 섭취 금지입니다.,예약 후 참석하지 않으실 경우 스터디룸 사용이 취소되며 추후 스터디룸 사용에 제한을 받을 수 있으니 꼭 주의해 주시기 바랍니다,전체 대관 행사가 진행될 경우 예약이 제한 될 수 있으며 행사 진행 시 소음이 발생할 수 있으므로 양해 바랍니다.,예약자가 반드시 모임에 참여해야 합니다. (대리 예약 불가),스터디룸 예약자와 실제 이용자가 동일한지 중간중간 체크하고 있으니 참고 바랍니다,,서울특별시 중구 삼일대로 363중구장교빌딩 1층 서울시청년일자리센터,37.5672472,126.9871743,자동승인,http://job.seoul.go.kr/www/common/img.jsp?dir=jobcafe&name=MIN_0559_1.jpg,공공시설
성수지앵스 수다카페,성수지앵'S 수다카페는 청년을 위한 공간입니다. ,성수지앵'S 수다카페는 커피와 함께 성수동 수제화 장인이 만든 수제화를 관람 및 구매할 수 있는 공간으로 청년을 위해 개방되어 있습니다. 청년을 위한 스터디룸 및 취업지원프로그램도 제공되고 있으니 많은 이용 바랍니다.  , 09~18시 ,토 일요일 공휴일,개방된 카페 공간 및 스터디룸을 운영 중입니다.,,,,,,,,,,스터디룸은 화 목 금 (13:00~18:00) 에만 4인 이하 사용 가능합니다.,한 이용자가 월 4회 이상 신청 시 반려 가능합니다.,카페 공간은 자유롭게 사용 가능합니다.,프로그램 진행 시 실적 확인 등 보고자료용 사진 촬영이 이루어질 수 있습니다. 신분이 노출되지 않도록 처리 후 사용하오니 양해해 주시기 바랍니다.,,,,,,,서울특별시 성동구 상원6나길 22-11성동구성동지역경제혁신센터 1층,37.5476485,127.0499533,자동승인,http://job.seoul.go.kr/www/common/img.jsp?dir=jobcafe&name=MIN_1809_1.jpg,일반카페
사랑밭청년센터,'함께하는 사랑밭'이란 NGO 단체입니다.  청년들을 위해서 '사랑밭 청년센터'라는 공간을 마련했습니다..,사랑밭 청년센터는 수험생을 비롯한 청년들 누구나 이용 가능한 NGO단체 '함께하는 사랑밭'에서 제공하는 시설입니다.  컴퓨터(6대) 및 스터디 공간을 무료로 제공합니다. 프린트 출력(무료) : 안내데스크에 신청 해주세요  또한 좋은 일자리 정보를 실시간 제공하는 등  청춘들의 내일(My job)에 희망을 키우는 활력공간입니다.  사랑밭 청년센터는 이렇게 이용하실 수 있어요.   1. 청년 (만19세~39세)들은 누구나 무료로 예약 또는 이용 하실 수 있습니다.     아쉽게도 무료공간은 청년들을 위해서만 개방이 되어 있습니다.  2. 예약을 통해서 이용할 수 있습니다.      좋은 공간을 많은 사람들이 공유하자는 취지에서 2시간 단위로 예약 부탁드립니다.  3. 취창업 관련 청년활동 (스터디 면접 준비 해당 주제 관련 모임)에 한해서만 이용이 가능합니다.      (다른 목적으로 이용시 다음 예약 불가 조치)   4. 예약자가 반드시 모임에 참여해야 합니다. (대리 예약 불가)  5. 예약 후 이용 시간은 12:00~18:00까지 가능합니다.,9시 ~ 18시,일요일 공휴일,사랑밭 청년센터는 NGO단체 '함께하는 사랑밭'에서 운영하고 제공하는 청년공간입니다.,스터디룸 소그룹 모임 공간이 있습니다.,무료대관 스터디룸 : 사랑방 ,무료대관 시간은 1부-09:00~12/2부-12:00~15:00 / 3부-15:00~18:00 세 타임중 시간을 선택하여 주십시오(1시간 단위 예약 불가),평일 09시~21시,토요일 : 09시~18시,서울시 일자리통합정보시스템 키오스크가 설치되어 있습니다.,컴퓨터(6대 인터넷 가능) 무료이용 가능합니다.,프린트 출력(무료) : 안내 데스크에 신청 해주세요,자유석 : 예약없이 빈자리 사용가능합니다.,1회 2시간 단위 예약 가능합니다. 1부-09:00~12/2부-12:00~15:00 / 3부-15:00~18:00(1시간 이용시 예약할 수 없습니다!!),예약하신 시간이나 인원 변경 및 예약 취소 할 경우 최소 하루 전까지 알려주세요.,이용 후 자리를 깨끗하게 정리해주세요.,,,,,,,,서울특별시 동작구 만양로8길 45동작구지하층,37.5098631,126.9465717,확인승인,http://job.seoul.go.kr/www/common/img.jsp?dir=jobcafe&name=MIN_2892_1.jpg,스터디카페
비즈액티브 신림 ,비즈액티브는 예비창업자 청년들을 위한 공간입니다,비즈액티브는 전문비즈니스센터로 신림 가산송파광교 4곳의 지점이 있으며  창업자 스타트업 취업준비생 분들이 이용하실수 있는 비즈니스센터공간입니다.   4~5명이 이용하실수 있는 소회의실 12명 정도까지 이용가능한 대회의실로 구성되어있습니다.  서울시 일자리카페 이용을 원하는 청년들을 위해 소회의실과 대회의실을 제공해드리고 있으며  회의실 안에 프리젠테이션이 가능한 TV와 화이트보드 등이 갖추어져있습니다.,수 15~18시 ,매주 월 화 목 금 토 일요일 ,화이트보드 멀티비젼 복합기 팩스 휴게실 등,소회의실(4~5인)/대회의실(~12인),,,,,,,,,예약자(대표자)는 최소 10분전 방문하여 그룹원 출입 및 이용안내를 해야 합니다.,예약자 미 방문 시 그룹원은 출입하실 수 없습니다.,예약시간 10분까지 미 출입시 자동 취소가 되며 이후 센터이용에 제한이 될 수 있습니다.,회의실 사용은 예약시간부터 사용 가능합니다.,회의실은 깨끗이 사용하고 필요한 사항은 관리실장에게 문의 합니다.,사용 시간을 준수하며 사용후 뒷정리 하셔야합니다.,쓰레기는 후문에서 분리수거 합니다. (화장실 투기 금지),음료 다과 등은 개별 준비입니다. (제공 서비스 꼭 확인하세요),OA기기는 관리실장에게 문의합니다.,,서울특별시 관악구 신림로 340관악구르네상스복합빌딩 7층,37.4847217,126.9300784,확인승인,http://job.seoul.go.kr/www/common/img.jsp?dir=jobcafe&name=비즈액티브인포.jpg,기타
한겨레교육문화센터 신촌,꿈꾸던 미래를 만나는 오늘,세미나 강연 회의 스터디 모임을 위한 대/중/소형 강의실  언론 출판 PR 광고 디자인 글쓰기 창작 영화영상 문화 각 분야 취업을 위한 다양한 교육 프로그램과 학습 정보교류 친목의 공간  복합문화공간 북카페에서 800여권의 다양한 도서와 따끈따끈 최신 트렌드 접할 수 있는 신문 잡지를 보실 수 있습니다  <유의사항: 월요일-목요일 사이에 예약신청을 해 주셔야 담당직원 확인 및 승인이 이루어집니다.  금토일요일 예약신청 시 승인이 이루어지지 않으니 이점 유의하여 주시기 바랍니다. >, 10~13시 ,매주 토 일요일 공휴일 ,한겨레교육 신촌 5층 세미나실,*필독: 월-목 사이에 예약신청을 해 주셔야 담당직원 확인 및 승인이 이루어집니다. 금토일요일 예약신청 시 승인이 취소됩니다. 이점 유의하여 주시기 바랍니다.,유료 공간과 무료 공간이 나누어져 있습니다. 공간 사용에 유의하여 주십시오.,,,,,,,,스터디룸 이용시간: 최소 1시간~최대 3시간 / 반드시 사전 신청 후 이용,취업 관련 스터디 회의 모임 목적으로만 이용 가능 (영리 목적 이용 불가),외부음료 반입 불가(센터 내 카페 음료는 반입 가능) / 음식물 반입 섭취는 자제해 주세요,수용가능인원 : 8명 / 기자재 : 콘센트내장테이블 물백묵칠판 멀티탭 대여 가능 PC 없음,예약자가 반드시 모임에 참여해야 합니다. (대리 예약 불가),1팀에게 배정된 시간이 최대 3시간이므로 팀 내에서 여러 명이 중복 예약 불가합니다,운영시간 : 평일(월-금) 오전 10시~오후 13시 매주 토/일요일/공휴일 휴무,2회이상 노쇼 발생 시 예약 승인이 제한 됩니다.,한겨레교육문화센터 강의 일정으로 인하여 대관공간과 수업이 겹칠 수 있어 예약은 신청일 기준 10일 단위로만 예약가능합니다,,서울특별시 마포구 백범로 18마포구 미화빌딩 5~8층,37.5533248,126.9370162,확인승인,http://job.seoul.go.kr/www/common/img.jsp?dir=jobcafe&name=MIN_6642.jpg,기타
한성대학교 일자리카페,한성대 청년들의 꿈 찾기와 성장을 지원하는 공간입니다.,한성대학교 일자리카페는 캠퍼스의 중심 상상관에 있습니다. B1층의 학생진로상담센터에서 전문상담사를 통한 1:1상담을 제공하며 화상면접 및 AI면접 지원을 위한 AI면접실을 운영하고 있습니다. 또한 B2층의 취업 활동 지원을 위한 세미나실을 운영하고 있습니다.,평일 09시~17시(방학중 10:00~16:00),공휴일, 취업상담 지원, 화상면접 및 AI면접 지원을 위한 AI면접실(1인 최대 1시간 30분 장비만 사용가능유료소프트웨어 제공불가) 운영, 취업 활동 지원을 위한 세미나실(3~6인 최대 3시간) 운영, * 문의전화: 02-760-4295 02-760-5972,,,,,,, * AI면접실 및 세미나실 이용 신청시 전화 예약 필수이며 일자리포털을 통하여 별도 공간 예약을 받지 않습니다., AI면접실 이용 신청 : 02-760-5972, 세미나실 이용 신청 : 02-760-5612,,,,,,,,서울특별시 성북구 삼선교로16길 116성북구상상관,37.5827584,127.0106694,확인승인,http://job.seoul.go.kr/www/common/img.jsp?dir=jobcafe&name=메인이미지.jpg,대학교
성공회대학교 일자리카페,성공회대 학생들이 사회진출을 준비하는 공간입니다.,[스터디룸 / 대표번호 / SMS발송 핸드폰번호 / 스터디룸정보 / 준비중] ? 그룹 스터디 ? 세미나 ? 취업 설명회/채용 설명회  ? 기타 교육 장소,학기중-08:30~20:00/방학중-08:30~15:00,공휴일,세미나 및 그룹스터디 가능,최대 20인 수용가능,,,,,,,,,성공회대 재학생 및 졸업생은 누구나 무료로 이용 하실 수 있습니다. ,취창업 관련 청년활동(스터디 면접 준비 해당 주제 관련 모임)에 한해서만 이용이 가능합니다. ,다른 사용자들을 위해 말소리는 작게 해 주세요. ,음식물 반입은 불가합니다.,※ 대학교 일자리카페는 일자리포털을 통하여 별도 공간 예약을 받지 않습니다.,,,,,,서울특별시 구로구 연동로 320구로구성공회대학교 새천년관,37.4877355,126.825157,확인승인,http://job.seoul.go.kr/www/common/img.jsp?dir=jobcafe&name=04.성공회대학교 일자리카페 내부_1.jpg,대학교
서경대학교 CLC Zone 1번방,취업을 준비하는 대학생들을 위한 청년 스터디룸 공간입니다.,서경대학교 CLC Zone 1번방은 대학생들의 취업준비 및 스터디활동을 위해 지원되는 공간으로  취업을 준비하는 대학생들에게 무료로 제공되며 청년 취업준비에 도움을 주기 위해 지원하는 공간입니다.  스터디룸 수용인원 : 최대 10명,학기(방학)중:금요일13시~17시(10시~15시),공휴일 및 주말,학기중 : 금(13:00~17:00)/주말 및 공휴일 휴무,방학중 : 금(10:00~15:00)/주말 및 공휴일 휴무,스터디룸 수용인원 : 최소 8명~최대 10명,스터디룸 부대시설 : wifi 회이트보드,,,,,,,※ 대학교 일자리카페는 일자리포털을 통하여 별도 공간 예약을 받지 않습니다.,,,,,,,,,,서울특별시 성북구 서경로 124성북구유담관 L층 CLC Zone 취업지원센터 1번 세미나실,37.6153765,127.0135494,확인승인,http://job.seoul.go.kr/www/common/img.jsp?dir=jobcafe&name=1.jpg,대학교
LH남부권주거복지지사,마이홈 같이 편안한 서울시 일자리 카페입니다. 취업 준비도 하고 주거 상담 등 다양한 상담도 받고!,선릉역 8번 출구 성원타워 1층에 위치한 주거지원 상담센터입니다. 취업 특강 스터디룸 대여는 물론 다양한 복지 연계 상담프로그램을 무료로 이용하실 수 있습니다.  [LH 주거지원 개인별 윟춤 상담] 월~금 평일 9~18시 [우리은행 주택도시기금 대출 상담] 월 화 13~18시 [법률홈닥터 상담] 수 14~17시 [서울시복지재단 금융복지상담] 수 9:30~17:30 [바야다코리아 간호사 건강상담] 월 14~17시 [한국산업간호협회 간호사 건강상담] 매월 2주 목 13:30~17:30 [강남구치매안심센터 치매검진] 매월 4주 금 14~17시  [서울시일자리카페 청년취업상담] 화 14~17시 금 14~18시 [서울시일자리카페 취업특강 및 멘토링] 매월24주 토 13:30~17:00  * 기관 사정에 따라 서비스 일정이 다소 변경 가능하므로 사전에 마이홈 센터로 서비스 일정 문의 부탁드립니다. * 상담 프로그램은 별도 예약 없이 무료로 진행됩니다. * 마이홈 스터디룸 나눔터는 사전 예약 후 이용 가능하며 예약시 주의사항을 반드시 읽어주세요.,9:00?18:00,주말 법정 공휴일(24주 토 10~17시 운영),마이홈 카페 마이홈 스터디룸(5개) 나눔터(1개) 주차장(유료) 인쇄(불가) ,[마이홈 카페] 정보검색 PC 2대 정수기 혈압측정계 창가 스탠드형 좌석 개인 노트북 전원 이용 가능 운영시간 내 상시 개방(예약 불필요),[마이홈 스터디룸1] 정보검색 PC 1대 1~5명 수용 가능 매주 월~금(9~12시),[마이홈 스터디룸2] 정보검색 PC 1대 1~5명 수용 가능 매주 월~금(9~12시),[마이홈 스터디룸3] 1~5명 수용 가능 취업특강일정에 맞춰 개방 예정,[마이홈 스터디룸4] 1~5명 수용 가능 취업특강일정에 맞춰 개방 예정,[마이홈 스터디룸5] 1~5명 수용 가능 취업특강일정에 맞춰 개방 예정,※ 4월 임시휴관으로 인해 대관 미진행중입니다. 향후 사회적 거리두기 캠페인 진행여부에 따라 대관여부를 추후결정하도록 하겠습니다,,,음료 외 음식물은 반입 불가합니다.,이용 후 뒷정리 부탁드립니다. ,마이홈 나눔터는 특강 스터디룸 등으로 활용하실 수 있는 강의장입니다. 다른 일정으로 이용 희망시 전화문의 바랍니다.,평일 9시~18시까지 이용가능합니다. (주말 법정 공휴일 휴무이나 매월24주 토요일은 10~17시 운영),청년은 누구나 무료로 예약 또는 이용하실 수 있습니다. 스터디룸과 나눔터는 청년들을 위해서만 개방이 되어 있습니다.,취창업 관련 청년 활동(스터디 면접 준비 해당 주제관련 모임)에 한해서만 이용이 가능합니다. ,센터 자체 복지 연계 프로그램 외 일자리카페 프로그램(취업 특강 등)은 서울일자리 포털 회원가입 및 예약 후 참여가능합니다. ,이용 후 책상 및 의자 세팅 원상복구 및 발생한 쓰레기는 깨끗이 정리해주세요. ,※ 또한 스터디룸 예약 신청 후 (노쇼발생 등 미사용 시) 해당 대관자의 차후 사용이 제한될 수 있습니다.,,서울특별시 강남구 선릉로 514강남구성원빌딩 1층,37.5055641,127.04915,확인승인,http://job.seoul.go.kr/www/common/img.jsp?dir=jobcafe&name=마이홈 홀사진.jpg,공공시설
해커스어학원 강남역캠퍼스,대한민국 청년들의 취업 준비를 지원하는 공간 ,해커스 취업아카데미는 대한민국 청년들의 취업 준비를 지원하는 공간입니다. 든든한 취업준비 공간 해커스가 여러분들의 꿈을 응원합니다.  다양한 스터디와 취업 준비를 지원하는 해커스 취업아카데미는 공부하기 적합한 스터디 카페이며 발빠른 취업 정보 제공과 취업 특강 등 취업 지원 프로그램도 운영합니다.,토요일/일요일 10시~12시/13시~16시,월~금,토일만 운영합니다.,,,,,,,,,,예약후 취소할 경우 사전에 연락바랍니다.,,,,,,,,,,서울특별시 서초구 강남대로61길 25서초구해커스 취업아카데미 평생교육원,37.4984044,127.0239646,확인승인,http://job.seoul.go.kr/www/common/img.jsp?dir=jobcafe&name=무제-12.png,기타
청춘삘딩,청년들의 꿈을 키우는 공간입니다.,청년들이 자유롭게 이용 가능하며 여러 가지 정보를 공유할 수 있는 공간입니다.,매주 월요일~토요일(10:00?22:00),일요일 공휴일,세미나룸 6-8명 수용 가능,,,,,,,,,,※※ 예약 전 링크를 통해 대관 일정을 꼭 확인해주세요 https://c11.kr/7vj8 ※※,취업관련 청년활동(취업스터디면접준비해당주제관련모임)에 한해서만 이용이 가능합니다.,예약 시 이용목적을 기재해 주시기 바랍니다. ※ 예시: 인적성 NCS공기업면접00그룹00자격증실기 전공(경영학등)공부 등/ 스터디라고만 기재하시면 확인이 어렵습니다),예약 후 참석하지 않으실 경우 스터디룸 사용이 취소되며 추후 스터디룸 사용에 제한을 받을 수 있으니 꼭 주의 해 주시기 바랍니다.,,,,,,,서울특별시 금천구 시흥대로138길 10-11금천구청춘삘딩,37.4721278,126.8992715,확인승인,http://job.seoul.go.kr/www/common/img.jsp?dir=jobcafe&name=1-2.jpg,공공시설
청년공간이음,“청년들을 위한 무료 문화복합공간”,* 코로나 단계 격상으로 인해 12월 한달간은 스터디룸 이용이 어려운 점 양해 부탁드립니다.  관악구 봉천동 지역 1인가구 청년들에게 집과 같이 편한 곳 낯선 이들이 만나 함께하며 미래로 나갈 수 있는 힘을 줄 수 있도록 돕는 무료공간임 ?,평일 10시~22시 토요일 10시~18시,공휴일 일요일,스터디룸/최대 12인 수용가능,? 스터디룸 운영,? 스터디룸 유형 : 세미나실 회의실,? 무료개방일시 : 수요일 시간 10~17시 (1팀당 2시간 단위 예약가능),? 스터디룸 수용인원 : 최소4명~최대12명,? 스터디룸 부대시설 : wifi 화이트보드 에어컨,? 스터디룸 간략 소개 : 최대 12명 사용가능,,,,[권장사항] ,청년은 누구나 무료로 예약 또는 이용 하실 수 있습니다. 아쉽게도 무료공간은 청년들을 위해서만 개방이 되어 있습니다.,예약을 통해서만 이용할 수 있습니다. ,좋은 공간을 많은 사람들이 공유하자는 취지에서 스터디룸은 1팀 최대 2시간 까지만 예약 부탁드립니다. ,2시간 무료이용시간 초과시 유료전환되오니 유의하시기 바랍니다.,취창업 관련 청년활동 (스터디 면접 준비 해당 주제 관련 모임)에 한해서만 이용이 가능합니다. ,서울시일자리카페로 제공되는 스터디룸은 홈페이지 예약일정을 확인해주시기 바랍니다.,,,,서울특별시 관악구 봉천로62길 5관악구4층 청년공간 이음,37.4778012,126.9588719,확인승인,http://job.seoul.go.kr/www/common/img.jsp?dir=jobcafe&name=20160503_121427.jpg,기타
성균관대학교 일자리카페,서울시 일자리정책과 취업 정보들을 홍보하는 공간입니다.,서울시 일자리정책과 취업 정보들을 홍보하는 공간입니다.,평일 9:00 ~ 17:00,토일 법정 공휴일,※ 대학교 일자리카페는 일자리포털을 통하여 별도 공간 예약을 받지 않습니다.,,,,,,,,,,※ 대학교 일자리카페는 일자리포털을 통하여 별도 공간 예약을 받지 않습니다.,,,,,,,,,,서울특별시 종로구 성균관로 25- 2종로구성균관대학교 경영관 1층,37.588227,126.993606,확인승인,http://job.seoul.go.kr/www/common/img.jsp?dir=jobcafe&name=성균관대_메인image.jpg,대학교
숙명여자대학교,청년들의 취업에 도움을 주는 공간입니다.,숙명여자대학교 일자리카페 키오스크 입니다.,평일 9시~21시,공휴일,일자리카페 키오스크 설치,,,,,,,,,,※ 대학교 일자리카페는 일자리포털을 통하여 별도 공간 예약을 받지 않습니다.,,,,,,,,,,서울특별시 용산구 청파로47길 100용산구숙명여자대학교,37.546475,126.9646916,확인승인,http://job.seoul.go.kr/www/common/img.jsp?dir=jobcafe&name=sp1_2.jpg,대학교
국민대학교 Dream Job,국민대학교 경력개발지원단 잡카페(Dream Job),국민대학교 경력개발지원단에서 운영하는 잡카페로 진로를 고민하고 취업을 준비하는 국민대학교 학생들이 편안한 분위기에서 자신의 적성과 관심분야에 맞는 직업을 탐색하고 준비할 수 있도록 지원하는 공간입니다.,평일 09시~17시,주말 및 공휴일,세미나실 및 취업(진로)상담실,일자리카페 키오스크 설치 및 운영,,,,,,,,,※ 대학교 일자리카페는 일자리포털을 통하여 별도 공간 예약을 받지 않습니다.,,,,,,,,,,서울특별시 성북구 정릉로 77성북구국민대학교 종합복지관 지하1층 잡카페,37.6104464,126.9959943,확인승인,http://job.seoul.go.kr/www/common/img.jsp?dir=jobcafe&name=[붙임1]메인이미지(국민대학교).png,대학교
양천 창업디딤누리,양천구 내 예비 창업자와 창업자들을 위한 장소를 무료로 제공하고 있습니다. ,양천구 파리공원 옆에 위치한 사회적경제지원센터. 3층 창업디딤누리의 다양하고 편리한 시설을 소개드립니다!  *현재 정부의 사회적 거리두기 방역 지침으로 인해 각 실의 인원이 제한 되오니 예약 전 전화 문의 부탁 드립니다.*  ○창업 디딤누리 홀 -누구나 자유롭게 사용할 수 있는 공간입니다. -편안한 분위기에서 스터디 개인 작업 등의 이용 가능합니다.  ○ 4~10인실까지의 회의실 - 창업을 준비 중 혹은 창업을 했다면 누구나 이용하실 수 있는 회의실로 멤버십 가입 후 이용 가능합니다.(무료) -세미나실1(최대 5명) 세미나실2 (최대 2~3명) 미팅룸1 (최대 2명)  ○ 미디어편집실 - 영상편집할 장비가 필요하다면 어도비 프로그램이 설치되어 있고 더블 모니터의 넉넉한 화면으로 작업이 가능한 편집실이 준비되어 있습니다.(무료)  ○ 제품촬영스튜디오 - 작은 제품을 촬영해야 한다면 여러가지의 배경색 조명 반사판 카메라 대여까지 가능한 창업디딤누리 스튜디오를 이용해보세요. (무료)  ○크리에이터실(영상촬영실) - 전자칠판 조명 마이크 실시간스트리밍장비 모니터 등을 통해 영상 콘텐츠를 제작할 수 있는 공간입니다. -스트리밍 녹화 편집 모두 가능합니다! (무료) ,평일 9:00~18:00,주말 공휴일,세미나실1 : 최대 10명 (코로나로 인해 최대 5명),세미나실3 : 최대 4명 (코로나로 인해 최대 2~3명),미팅룸1 : 최대 3명 (코로나로 인해 최대 2명),미디어편집실: 어도비 프로그램(포토샵 일러스트레이터 프리미어 애프터이팩트 등)이 설치되어 있어 영상 디자인 편집  등의 작업을 할 수 있는 공간, 제품촬영스튜디오: 작은 제품들을 촬영할 수 있는 소형 제품 전용 촬영 스튜디오,크리에이터실; 강의영상 유튜브콘텐츠 녹화와 실시간 스트리밍이 가능한 공간,,,,,이용자의 과실로 기관의 물품(카메라 컴퓨터 등)이 파손될 경우 이에 대한 손해 배상을 청구할 수 있습니다.,회의실 제품촬영스튜디오 영상편집실 예약은 최소 3일전에 스페이스클라우드를 통해 가능하며 당일 혹은 하루 전 예약은 전화문의를 통한 예약만 가능합니다.,회의실은 창업준비중이시거나 기창업자들을 대상으로 대관해드립니다,예약 관련해서 기타 문의사항이 있으실 경우 전화문의하시면 보다 원활한 상담이 가능합니다.,회의실 제품촬영스튜디오 영상편집실 예약 후 당일 노쇼 시 다음 예약에 불이익이 있을 수 있습니다.,이용 후 사용한 물품 반납 사용하신 공간 정리는 필수!입니다.,세미나실은 기본 2시간 대관 다음 타임 예약이 없을 경우 연장 가능,미디어 편집실은 1인당 1일권 단위로 예약하실 수 있습니다.(1대보유),,,서울특별시 양천구 목동동로 375양천구사회적경제지원센터 3층 창업디딤누리,37.5351361,126.8785419,확인승인,http://job.seoul.go.kr/www/common/img.jsp?dir=jobcafe&name=창업디딤누리 (2)_1.jpg,공공시설
서일대학교 Job카페,학생들의 열정과 땀이 묻어있는 카페입니다.,젊은 도전 새로운 비전 서일대학교의 Job카페입니다. 학생들의 열정과 땀이 묻어있는 공간입니다.  -스터디룸 유형 : 다용도(스터디룸 회의실) -스터디룸 S2 : 4인 이상~ 6인 이하 -스터디룸 S3 : 4인 이상~ 7인 이하 -스터디룸 S4 : 4인 이상~ 12인 이하               -스터디룸 S5 : 4인 이상~ 6인 이하               -스터디룸 S6 : 3인 이상~ 5인 이하               -스터디룸 S7 : 4인 이상~ 12인 이하                            ,학기중 : 09시~22시/방학 중 : 10시~17시,토요일 공휴일 개교기념일(6월10일),개방일 : 주중(공휴일 개교기념일 제외),스터디룸 부대시설 : 화이트보드(스터디룸 S2  제외),,,,,,,,,청년은 누구나 무료로 예약 또는 이용 하실 수 있습니다. ,좋은 공간을 많은 사람들이 공유하자는 취지에서 1팀 최대 4시간 까지만 사용 부탁드립니다.,취창업 관련 청년활동 (스터디 면접 준비 해당 주제 관련 모임)에 한해서만 이용이 가능합니다.,※ 대학교 일자리카페는 일자리포털을 통하여 별도 공간 예약을 받지 않습니다.,,,,,,,서울특별시 중랑구 용마산로90길 28중랑구도서관 1층  Job카페,37.5866169,127.0977436,확인승인,http://job.seoul.go.kr/www/common/img.jsp?dir=jobcafe&name=01. Job카페 출입문.jpg,대학교
명지대학교 MJ대학일자리센터,서대문구 남가좌동 명지대학교 내에 위치한 청년고용허브센터& 일자리카페 일자리카페 키오스크 설치 취업상담/특강/멘토링 프로그램 운영,키오스크를 통해 다양한 정보를 습득할 수 있으며 일자리카페 내 다양한 책자와 서비스를 이용할 수 있음(전화로 사전예약 필요),평일09~18시(방학 09~17시),공휴일 개교기념일,회의실1/최대 10인 수용가능,상담실1~4/최대 3~4명 수용가능,테이블1~4/3~10명 수용가능,취업지원실-명지대학교,※ 대학교 일자리카페는 일자리포털을 통하여 별도 공간 예약을 받지 않습니다.,,,,,,1. 만 18~34세 청년은 누구나 무료로 예약 또는 이용 하실 수 있습니다.  ,2. 운영시간: 09:00~18:00(방학기간 09:00~17:00),3. 상담예약: 워크넷(work.go.kr)-청년-우리대학,,,,,,,,서울특별시 서대문구 거북골로 34서대문구행정동 1층 S5112,37.5794251,126.9214472,확인승인,http://job.seoul.go.kr/www/common/img.jsp?dir=jobcafe&name=첨부1.jpg,대학교
동대문도서관,동대문구 청년들의 실질적인 취업경쟁력 강화를 위한 카페,※ 코로나19로 스터디룸 운영이 잠정 중단되었습니다 ※  청년들의 다양한 활동과 네트워킹을 지원하고 함께 만들어 가는 공간 ,자료실 : 09:00~18:00(평일 종합2실) 09:00~20:00(평일 종합1실) 09:00~17:00(주말) ｜ 일반열람실 : 08:00~22:00(동절기) 07:00~22:00(하절기),공휴일 (정기휴관일 둘째 넷째 수요일),동대문구 청년들의 실질적인 취업경쟁력 강화를 위한 카페입니다. ,스터디룸 개방 시간 :  매주 화요일 14:00~17:00 3시간,스터디룸 인원 : 4~8명,스터디룸 장소 : 세미나실 또는 문화교실,스터디룸 이용 가능 시간 : 1일 1시간 ~ 3시간까지 ,,,,,,공간 사용 예약 시 요청사항 항목에 대관목적과 상세내용을 기재하지 않으면 사용승인이 불가능하오니 유의하시기 바랍니다.,공간 사용예약 시 타 행사 및 대관과 중복될 경우 사용예약 승인이   취소 될 수 있습니다.,공간 사용 시 사전예약을 원칙으로 하며 사용일 기준 최소 7일 이전에   예약해야 합니다,공간 예약은 평일 오전9시~오후6시 이내 신청이 가능하며 (평일 야간(18시~08시) 주말(토일/공휴일포함)에는 예약승인 불가),취?창업 관련 청년활동 (스터디 면접 준비 해당 주제 관련 모임)에 한해서만 이용이 가능합니다. , 서울시일자리카페로 제공되는 스터디룸은 홈페이지 예약일정을  확인해주시기 바랍니다. ,,,,,서울특별시 동대문구 천호대로4길 22동대문구,37.5735971,127.0243719,확인승인,http://job.seoul.go.kr/www/common/img.jsp?dir=jobcafe&name=메인이미지.JPG,도서관
중랑여성인력개발센터,중랑 청년들의 취업지원을 위한 공간입니다.  상담문의(평일9시~18시) ,중랑구 상봉동 동부시장내에 위치하고 있으며 취업지원을 위한 상담실 및 스터디 진행이 가능한 시설을 갖추고 있습니다.  ★★★ 방문일자를 말씀주시면 예약해드리겠습니다. ,평일 09시~21시(일자리카페를 이용하시기 전에 3층 사무실에서 인원수대로 일자리카페 이용대장을 꼭 작성하여 주시기 바랍니다.),토 일요일 법정공휴일,스터디룸(303호)/최대 1~4인 수용가능 ,스터디룸(502호)/최대 1~4인 수용가능 ,상담실Ⅰ/최대 1~2인 수용가능 ,상담실Ⅱ/최대 1~2인 수용가능 ,무료 대관 일시 : 303호 502호 월~금 09:00~21:00 / 상담실1&2 월~금 19:00~21:00,,,,,,청년은 누구나 무료로 예약 또는 이용 하실 수 있습니다. 아쉽게도 무료공간은 청년들을 위해서만 개방이 되어 있습니다.,예약을 통해서만 이용할 수 있습니다. 좋은 공간을 많은 사람들이 공유하자는 취지에서 1팀 최대 3시간 까지만 예약 부탁드립니다. ,취창업 관련 청년활동 (스터디 면접 준비 해당 주제 관련 모임)에 한해서만 이용이 가능합니다. ,예약시 이용 목적을 기재해 주시기 바랍니다 (ex. ncs스터디면접준비 00기업 필기준비 등),서울시일자리카페로 제공되는 스터디룸은 홈페이지 예약일정을 확인해주시기 바랍니다.,일자리카페를 이용하시기 전에 3층 사무실에서 인원수대로 일자리카페 이용대장을 꼭 작성하여 주시기 바랍니다.,★이용대장 3회 이상 미기입시 이용이 불가합니다.,수강생의 안전과 지역사회 코로나19감염 전파 방지를 위하여 수업전 반드시 마스크를 착용해주세요.,,,서울특별시 중랑구 망우로32길 20중랑구3층 중랑여성인력개발센터,37.5929469,127.0764456,확인승인,http://job.seoul.go.kr/www/common/img.jsp?dir=jobcafe&name=IMG_0869.JPG,공공시설
곰달래문화복지센터,곰달래문화복지센터 (곰달래도서관)에서 청년들의 취업준비에 필요한 공간을 제공합니다. ,○ 곰달래문화복지센터 5층 북카페에 위치하고 있습니다. ○ 월요일이 휴무일이라 예약승인에 어려움이 있습니다.     월요일을 제외한 다른 요일에 예약 부탁드립니다.,화~일 09:00~20:00,매주 월요일 및 국가공휴일,5층 북카페 이용(최대 4명),무료개방일시: 화~일 09:00~20:00,스터디룸수용인원: 최소 1명~최대 4명,스터디룸 부대시설 : wifi 등,곰달래문화복지센터 공간 특성상 작은 소리로 소통하여야 함,프린트 사용은 곰달래도서관 6층 종합자료실에서 가능합니다.(현금 결제만 됩니다.) ※ 도서관 회원 가입시 이용가능 ,화이트보드 이용 희망 시 담당자(02-2065-3793)에게 미리 연락 부탁 드립니다. ,,,,취?창업 관련 청년활동 (스터디 면접 준비)에 한해서만 이용이 가능합니다. ,공간 사용 시 사전예약을 원칙으로 하며 사용일 기준 최소 7일 이전에 예약해야 합니다.,도서관 공간 특성상 작은 소리로 소통하여야 하는 제한이 있습니다.,서울시일자리카페로 제공되는 스터디룸은 홈페이지 예약일정을 확인해주시기 바랍니다.,이용 후 책상 및 의자 세팅 원상복구 및 발생한 쓰레기는 깨끗이 정리해주세요. (음식물 섭취 불가),스터디룸 예약 신청 후 (노쇼발생 등 미사용 시) 해당 대관자의 차후 사용이 제한될 수 있습니다,★월요일이 휴무일이라 예약승인에 어려움이 있습니다. 월요일을 제외한 다른 요일에 예약 부탁드립니다.,스터디룸 예약 신청 후 담당자(02-2065-3793)에게 미리 연락 부탁 드립니다. ,,,서울특별시 강서구 강서로5길 50강서구곰달래문화복지센터 5 6층,37.5289008,126.8488134,확인승인,http://job.seoul.go.kr/www/common/img.jsp?dir=jobcafe&name=(곰달래문화복지센터)_메인이미지(사이즈조정)_200217(필터).bmp,도서관
구로청년공간 청년이룸,청년들이 내일을 위해 상상하고 나누고 배우는  청년 일자리 문화공간입니다.,천왕역 구로청년공간 청년이룸 일자리카페입니다. 천왕역 4번 출구와 연결 되어 있는 청년이룸! ( 홈페이지 찾아오는 길 참고) ? 스터디룸 : 매주 금요일 11시 ~ 19시(사전예약 1팀 최대2시간)  ※ 일자리카페 무료공간 대관은 매주 금요일입니다. ※ 일자리카페 외 청년이룸 공간 대관은 유료사용이며 아래를 통해 이용해주세요 대관 문의 [ 070-4913-4137 / eroom.youth@gmail.com ] ,평일 10시~22시 토요일 10시~17시,일요일 공휴일 휴무,그룹 스터디룸 (최대 4명),*코로나 19로 인하여 당분간 인원이 제한 될 수 있습니다.,,,,,,,,,[권장사항],청년은 누구나 무료로 예약 또는 이용 하실 수 있습니다. 쉽게도 무료공간은 청년들을 위해서만 개방이 되어 있습니다.,스터디룸은 예약을 통해서만 이용할 수 있습니다. (매주 금요일마다 스터디룸1 무료),좋은 공간을 많은 사람들이 공유하자는 취지에서 1팀 최대 2시간 까지만 예약 부탁드립니다.,취창업 관련 청년활동 (스터디 면접 준비 해당 주제 관련 모임)에 한해서만 이용이 가능합니다.,이용목적에 청년활동을 기재해주시기 바랍니다.,스터디룸은 음식물 반입이 금지되오니 간단한 취식은 청년이룸 내 공유공간 테이블을 이용해주시기 바랍니다. (음식물쓰레기 처리불가),주차 불가,,,서울특별시 구로구 오리로 1130구로구지하1층 청년이룸,37.4850736,126.840177,확인승인,http://job.seoul.go.kr/www/common/img.jsp?dir=jobcafe&name=B존 메인사진.jpg,공공시설
서울숲언더스탠드에비뉴, 청년들의 취업?창업?혁신의 공간입니다.,취?창업 공익 플랫폼 ‘서울숲 언더스탠드에비뉴’에 청년들이 자유롭게 취업과 창업을 준비할 수 있는 ‘청년 일자리 카페’를 마련했습니다. 이 곳에서 많은 청년들이 미래를 꿈꾸고 꿈을 실현할 기회를 얻기를 기대합니다.,평일 09시~18시,주말 공휴일,스터디룸 최대 4명 수용가능(코로나 상황으로 4명까지만 수용),,,,,,,,,,청년은 누구나 무료로 예약 또는 이용 하실 수 있습니다. 아쉽게도 무료공간은 청년들을 위해서만 개방이 되어 있습니다.,예약을 통해서만 이용할 수 있습니다. 좋은 공간을 많은 사람들이 공유하자는 취지에서 1팀 최대 2시간 까지만 예약 부탁드립니다. ,취창업 관련 청년활동 (스터디 면접 준비 해당 주제 관련 모임)에 한해서만 이용이 가능합니다. ,서울시일자리카페로 제공되는 스터디룸은 홈페이지 예약일정을 확인해주시기 바랍니다.,※프로그램 진행시 실적확인 등 보고자료용 사진촬영이 이루어질 수 있습니다. 신분이 노출되지 않도록 처리 후 사용하오니 양해해 주시기 바랍니다.,※그룹룸 사용시 신청사유란에 사용자 명단을 추가 기입하여 주시기 바랍니다. 한 팀의 1실 독점사용을 방지하기 위한 방안이오니 양해바랍니다., (ex. 공기업 준비를 위한 스터디 모임 4인 - 예약자명 1인 사용자명 3인 모두),,,,서울특별시 성동구 왕십리로 63성동구파워스탠드 2층 (서울숲역 3번 출구 파란색 컨테이너),37.5431275,127.0445665,자동승인,http://job.seoul.go.kr/www/common/img.jsp?dir=jobcafe&name=서울숲언더스탠드에비뉴1-3_1.jpg,공공시설
한국외국어대학교,“내일을 위한 든든한 친구” 한국외국어대학교 대학일자리센터입니다.,청년들의 취업성공을 위해 외대생은 물론 지역청년들을 대상으로 진로 및 취업상담 취창업 지원 프로그램 정부청년고용정책 홍보 등 다양한 취창업 지원 서비스를 제공합니다.,평일 09시~17시(방학 중 09시~16시),주말 및 공휴일, 일자리카페 키오스크 설치, 진로 및 취업상담 실시, 취업 지원 프로그램 운영(http://job.hufs.ac.kr/ 홈페이지 우측 상단 열린청년마당에서 확인 가능),,,,,,,, 청년은 누구나 무료로 이용 하실 수 있습니다.  , 운영시간: 평일 09시~17시(방학 중 09시~16시), 센터에 방문하여 취업 관련 자료를 열람하실 수 있습니다.,※ 대학교 일자리카페는 일자리포털을 통하여 별도 공간 예약을 받지 않습니다.,,,,,,,서울특별시 동대문구 이문로 107동대문구사이버관 105호,37.5976171,127.0582192,확인승인,http://job.seoul.go.kr/www/common/img.jsp?dir=jobcafe&name=메인이미지_1.jpg,대학교
동대문구답십리도서관,취업지원 서비스를 One-Stop 으로 제공하는 취업 특화 도서관입니다.  청년층 대상으로 '취업 지원 서비스'를 자료부터 특강 취.창업을 준비하는 공간대여까지 One-Stop으로 제공하고자 합니다.,-주요 취업지원 서비스   . 릴레이 취업 특강 '준비된 者 JOB아라!' 진행   . 자격증 도서 1000여권 보유 및 자격증 참고정보원 제공   . 취업 및 창업 관련 도서 400여권 보유   . 한국산업인력공단 서울특별시동부여성발전센터 등 유관기관 취업 정보 제공 등  ● 스터디룸명 : 다솔방 . 스터디 룸 유형 : 스터디룸 . 무료 개방 일시 : 월수토일 19:00~21:00 . 스터디룸 수용인원 : 최소 4명 ~ 최대 12명 . 스터디룸 부대시설 : wifi 화이트보드 등 . 스터디룸 간략 소개 : 최대 2시간 이용가능 --------------------------------------------------------------------------- ● 스터디룸명 : 문화강좌실 . 스터디룸 유형 : 스터디룸 . 무료 개방 일시 : 월수목토일 19:00~21:00 . 스터디룸 수용인원 : 최소 4명 ~ 최대 12명 . 스터디룸 부대시설 : wifi 화이트보드 등 . 스터디룸 간략 소개 : 최대 2시간 이용가능 --------------------------------------------------------------------------- ● 스터디룸명 : 동아리실 . 스터디룸 유형 : 스터디룸 . 무료 개방 일시 : 화수목토일 19:00~21:00  . 스터디룸 수용인원 : 최소 4명 ~ 최대 10명 . 스터디룸 부대시설 : wifi 화이트보드 등 . 스터디룸 간략 소개 : 최대 2시간 이용가능,09:00~22:00,금요일 법정공휴일, 서울시 일자리 키오스크 설치(1F 로비), 스터디룸 3개 운영,    - 다솔방 (12명 수용가능),    - 문화강좌실 (12명 수용가능),    - 동아리실 (10명 수용가능), 세미나룸 3개 운영,    - 시청각실 (40명 수용가능),    - 한울방 (30명 수용가능),    - 세미나실 (20명 수용가능),     ※ 특강공간의 경우 담당자 유선문의 후 특강 진행형태에 따라 개별 대관 진행, 취.창업을 준비하는 청년(만18세~만39세)은 누구나 이용하실 수 있습니다. (홈페이지를 통한 사전예약 필수), 취.창업 관련 청년활동(스터디 면접준비 해당 주제 관련 모임-예약신청시 이용목적 기입 필수)에 한해서만 이용이 가능합니다., 서울시일자리카페로 제공되는 스터디룸은 홈페이지 예약일정을 확인해 주시기 바랍니다., 좋은 공간을 많은 사람들이 공유하자는 취지에서 1팀당 최대 2시간까지만 예약 가능합니다. , 세미나룸(시청각실 한울방 세미나실)의 경우 특강전용 공간으로 소규모 모임은 스터디룸을 이용바랍니다. (세미나룸 예약 희망시 담당자와 사전 논의 필수!), 도서관의 특성상 사전에 공지 후 사진촬영을 진행 할 수 있습니다. , 이용 후 책상 및 의자 세팅 원상복구 및 발생한 쓰레기는 깨끗이 정리해주세요. ,★도서관의 일정에 따라 승인불가한 경우가 있사오니 양해바랍니다.,,,서울특별시 동대문구 서울시립대로4길 75동대문구동대문구답십리도서관,37.573151,127.050499,확인승인,http://job.seoul.go.kr/www/common/img.jsp?dir=jobcafe&name=20180226_131631_1.png,도서관
성신여자대학교 대학일자리센터,청년들이 꿈을 키우는 공간입니다.,일자리카페 키오스크 설치 진로상담 취업상담 수시상시취업특강,평일 09시~18시,공휴일,예약완료 후 담당 컨설턴트와의 전화통화 후 방문바랍니다.,운영시간: 평일 09시~18시,청년은 누구나 무료로 예약 또는 이용 하실 수 있습니다.  ,스터디룸/최대 4인 수용가능,강의실/최대 40인 수용가능,,,,,,※ 대학교 일자리카페는 일자리포털을 통하여 별도 공간 예약을 받지 않습니다.,,,,,,,,,,서울특별시 성북구 보문로34다길 2성북구대학일자리센터,37.5927408,127.0224394,확인승인,http://job.seoul.go.kr/www/common/img.jsp?dir=jobcafe&name=성신1_1.jpg,대학교
무중력지대 대방동,이 곳은 다양한 청년활동이 자유롭게 펼쳐지는 공간입니다.,무중력지대 대방동은 다양한 청년활동이 즐겁게 펼쳐지는 공간입니다.   누구나 편하게 오가며 나다움을 찾는 활력을 얻어갈 수 있도록 다양한 프로그램과 공간을 지원합니다.  사회의 중력을 벗어나 자유롭게 활동할 수 있는 공간을 꿈꾸는  무중력지대 대방동은 청년 누구에게나 열려있습니다.,평일 10시 ~ 22시/ 토요일 10시 ~ 16시,일요일 공휴일,1F 스터디룸(테라스) 2F 세미나실(A),스터디룸명 : 스터디룸/스터디룸 유형 : 스터디룸,무료개방일시 : 평일 10:00 ~ 21:00  토요일 11:00~ 15:00,스터디룸수용인원: 최소2명~최대 6명,스터디룸 간략 소개 : 1층 테라스에 위치해 있으며 오픈형 구조로 되어있습니다.,,스터디룸명 : 세미나실(A)/스터디룸 유형 : 세미나실,무료개방일시 : 월~토 11:00 ~ 15:00,스터디룸수용인원: 최소2명~최대 8명, 스터디룸 간략 소개 : 2층에 위치해 있으며 자신의 일에 집중할 수 있는 공간으로 조성되어 있습니다.,청년(만19세~만39세)은 누구나 무료로 예약 또는 이용 하실 수 있습니다. ,예약을 통해서만 이용할 수 있습니다. 홈페이지에서 예약 일정을 확인해주시기 바랍니다.,좋은 공간을 많은 사람들이 공유하자는 취지에서 1팀 최소2시간~최대 3시간 단위 예약 부탁드립니다. (내부 정리를 포함하여 이용완료 5분 전까지 사용할 수 있습니다.),취창업 관련 청년활동 (스터디 면접 준비 해당 주제 관련 모임)에 한해서만 이용이 가능합니다. ,각 대관공간은 독립되어 있으나 방음 시설이 없습니다. 대관 공간 이외에서 소음이 발생할 수 있으니 양해부탁드립니다.,최종 예약 후 대관 당일 체크인은 1층 공간 매니저 또는 3층 운영국 매니저에게 문의 후 진행하시면 됩니다.,신청시 본인이 참석하지 않는 대관은 불가하며 체크인 시 신청인 본인이 직접 체크인을 받아야 합니다. (늦는 경우 미리 전화를 주세요.),대관을 신청한 이용자는 대관이 시작되는 시간부터 끝나는 시간까지 현장에 남아 분실 및 파손 등에 대한 책임을 져야합니다.,사전 양해 받지 못한 과도한 소음 음식 냄새 시설 독점은 제재 대상입니다.,대관 이용 시 주차는 불가하오니 대중교통을 이용해주세요.,서울특별시 동작구 등용로 79-1동작구무중력지대 대방동,37.5082056,126.9321184,확인승인,http://job.seoul.go.kr/www/common/img.jsp?dir=jobcafe&name=20181002_093103_1.jpg,공공시설
LH서부권주거복지지사,마이홈 같이 편안한 서울시일자리카페입니다. 취업 준비도 하고 주거 상담 등 다양한 상담도 받고..,* 현재 코로나19로 인해 스터디룸 이용이 불가합니다. 양해 부탁드립니다.  영등포구청역(2호선 1번출구 5호선 7번 출구) 인곡빌딩 1층에 위치한 주거지원 상담센터입니다. 취업 특강 스터디룸 대여는 물론 다양한 복지 연계 상담프로그램을 무료로 이용하실 수 있습니다.  [LH주거지원 개인별 맞춤 상담] 월~금 9~18시 [서울시복지재단 금융복지 상담] 월~금 9~18시 [우리은행 주택도시기금대출 상담] 수?목 13~18시 [법률상담] 매월1?3주 금 14~17시  [서울시일자리카페 청년취업상담] 월 14~17시  * 기관 사정에 따라 서비스 일정이 다소 변경 가능하므로 사전에 마이홈센터로 서비스 일정 문의 부탁드립니다. * 마이홈 스터디룸 세미나실은 사전 예약 후 이용 가능하며 예약시 주의사항을 반드시 읽어주세요.,평일 09시~18시,주말 법정 공휴일,마이홈 카페 마이홈 스터디룸(1개) 마이홈 세미나실(1개),[마이홈 카페] 운영기간 내 상시 개방(예약 불필요),[마이홈 스터디룸] 정보검색 PC 1대 1~4명 수용 가능 매주 월?화 9~18시 이용 가능(예약필수),[마이홈 세미나실] 대형모니터&PC 1대 20명 내외 수용 가능 매주 월~금 9~18시 이용 가능(예약필수),* 제공 스터디룸명 : 마이홈스터디룸,* 마이홈 세미나룸 : 한시적 미대관,,,,,청년은 누구나 무료로 예약 또는 이용 하실 수 있습니다. ,아쉽게도 무료공간은 청년들을 위해서만 개방이 되어 있습니다.,서울일자리포털 회원가입 및 예약을 통해서만 이용할 수 있습니다. ,좋은 공간을 많은 사람들이 공유하자는 취지에서 1팀 최대 2시간 까지만 예약 부탁드립니다.,취창업 관련 청년활동 (스터디 면접 준비 해당 주제 관련 모임)에 한해서만 이용이 가능합니다. ,서울시일자리카페로 제공되는 스터디룸은 홈페이지 예약일정을 확인해주시기 바랍니다.,음료 외 음식물 반입은 불가합니다. 이용 후 책상 및 의자 세팅 등 뒷정리 부탁드립니다.,,,,서울특별시 영등포구 양산로 107영등포구인곡빌딩 1층,37.5244829,126.8951177,확인승인,http://job.seoul.go.kr/www/common/img.jsp?dir=jobcafe&name=LH서부권01+사이즈조정_1.bmp,공공시설
숭실대학교 잡카페,취업을 준비하는 대학생들을 위한 청년 스터디룸 공간입니다. ,숭실대학교 잡카페는 대학생들의 취업준비 및 스터디활동을 위해 지원되는 공간으로  취업을 준비하는 대학생들에게 무료로 제공되며 청년 취업준비에 도움을 주기 위해 지원하는 공간입니다. ,평일 09:00~17:30,주말 및 공휴일,학기중 : 평일 09:00~17:30 / 주말 및 공휴일 휴무,스터디룸 부대시설 : wifi 회이트보드,,,,,,,,,※ 대학교 일자리카페는 일자리포털을 통하여 별도 공간 예약을 받지 않습니다.,,,,,,,,,,서울특별시 동작구 상도로 369동작구경력개발센터 앞 공간,37.4963462,126.9568865,확인승인,http://job.seoul.go.kr/www/common/img.jsp?dir=jobcafe&name=키오스크사진_경력앞.jpg,대학교
건국대학교 Job Cafe,전문 취업 및 진로 상담관이 항시 대기중이며  간단한 취업 준비를 할 수 있는 공간 입니다.  ,학생 및 지역청년들의 접근이 용이한 학생회관 2층에 자리잡고 있으며  취업 및 진로관련 서적이 비치되어있고 간단한 웹서핑도 가능한 공간입니다.   전문 취업 및 진로 상담관이 항시 대기중이며  간단한 취업준비를 할 수 있는 캐쥬얼한 공간입니다. ,평일 09시 ~ 17시,공휴일,전용상담공간: 상담실 9실 상담 신청전용 정보검색대 1기,전용세미나실: 세미나실1(24석 규모)  세미나실2(17석 규모),잡카페 (스터티 좌석: 28석 정보검색대: 8대 잡라이브러리: 1295권 청년고용정책 홍보용 DID시스템: 1대),,,,,,,,건국대학교 Job Cafe에는 상시 프로그램이 운영되는 세미나실 외에 별도의 스터디룸이 없는 관계로 별도 예약을 받지 않습니다. ,양해바랍니다. ,,,,,,,,,서울특별시 광진구 능동로 120광진구학생회관 2층 204호,37.5419717,127.0767285,확인승인,http://job.seoul.go.kr/www/common/img.jsp?dir=jobcafe&name=20180928_132857_1.png,대학교
무중력지대 도봉,청년들을 구속하는 사회의 중력에서 벗어난 무중력의 공유공간,무중력지대 도봉은 청년들을 구속하는 사회의 중력에서 벗어나 자유롭게 활동할 수 있는 서울시 청년 공유공간입니다.  다양한 프로그램과 커뮤니티 활동이 가득하니 언제든 친구 집에 드나들 듯 자유롭게 무중력지대 도봉에 머물러 주세요!,월-금 10:00 -22:00 토 10:00-18:00,일요일 공휴일,청년이라면 누구나 사용 가능한 공유 공간입니다,전원 콘센트가 탑재된 대형 테이블에서 개인 업무를 볼 수 있습니다.,공유부엌 사용은 가능하지만 취식만 가능하며 조리는 불가합니다.,안마 TV시청 영화감상 독서 탁구 등 다양한 휴식과 활동이 가능합니다.,청년들을 위한 대관공간인 세미나실과 회의실이 있습니다.,,,,,,청년이라면 누구나 무료로 예약 또는 이용하실 수 있습니다.,아쉽게도 해당 공간은 청년들을 위해서만 개방하고 있습니다.,예약 후 무단 노쇼를 3회 이상 한 예약자는 노쇼등록되며 공간을 이용할 수 없습니다.,더 많은 청년들이 공유하자는 취지에서 1팀당 최대 2시간까지만 예약이 가능합니다.,연속 사용 적발시 노쇼등록됩니다.,취창업 관련 청년활동에 한해서만 이용이 가능합니다.,무중력지대 도봉 휴관 일정에 맞춰 운영이 되고 있으니 사전에 일정을 확인하시기 바랍니다. (공휴일 예약 불가),,,,서울특별시 도봉구 마들로11길 77도봉구무중력지대 도봉,37.6531072,127.048656,확인승인,http://job.seoul.go.kr/www/common/img.jsp?dir=jobcafe&name=무중력지대2.jpg,기타
피앤티스퀘어,2022년 3월 11일(금) 3월14일(월)~ 3월 17일(금)은 시설공사로 인해  이용이 어렵습니다. 참고 부탁드립니다.  당신의 도전을 응원합니다. ,모던한 디자인의 분위기 좋은 스터디카페 피앤티스퀘어입니다.  스터디룸 12인실 1개 8인실 3개 6인실 5개 보유 스터디홀 80평 ,평일 공휴일 토요일 09시~22시/일요일 9시~20시,설 추석 당일 휴무,스터디룸명 : LAB06,스터디룸 유형 : 스터디룸,스터디룸수용인원: 6명,무료개방일시 : 월~금 9시~18시,스터디룸 간략 소개 : 대형 TV모니터와 컴퓨터가 설치되어 있는 6인 스터디룸 입니다.,,,,,,모임별 하루 최대 2시간만 예약 가능 팀원 개인이 연속해서 예약하시는 경우 2시간 이용을 제외하고 ,현장에서 추가 요금 발생합니다. (1인 1시간 기준 1800원),본 카페의 취지에 맞게 여러 팀이나 단체가 사용하기 위함이고 특정 모임이 독점되는 것을 방지하기 위함입니다. ,취창업 관련 청년활동 (스터디 면접 준비 해당 주제 관련 모임)에 한해서만 이용이 가능합니다. ,서울시일자리카페로 제공되는 스터디룸은 홈페이지 예약일정을 확인해주시기 바랍니다.,,,,,,서울특별시 종로구 수표로 105종로구지하 2층,37.5705109,126.9891149,확인승인,http://job.seoul.go.kr/www/common/img.jsp?dir=jobcafe&name=카페존.jpg,스터디카페
동덕여자대학교,여성들의 커리어개발을 돕는 성장공간입니다.  ,상담/관광/CS/승무원/비서/전산/회계/디자인 등 여성의 특성과 강점을 고려하여 전문화 될 수 있는 분야에서  커리어 개발 및 취업 경쟁력을 갖출 수 있도록 여성특화진로상담과 취업지도서비스가 제공됩니다.   ,평일 10시~17시 (단 방학 중 11시~15시),주말 및 공휴일,평일 10시~17시 (단 방학 중 11시~15시),일자리카페 키오스크 설치 진로상담 취업상담 수시상시취업특강,,,,,,,,,예약완료 후 담당 컨설턴트와의 전화통화 후 방문바랍니다.,운영시간: 평일 10시~17시 단 방학 중 11시~15시 (방학기간을 문의하여 확인해주세요),청년(만 18세~39세)을 위한 공간으로 ‘서울시일자리포털’ 홈페이지 회원 가입 후 예약을 통해 누구나 사용하실 수 있습니다. ,청년의 취?창업을 위한 모임공간으로만 사용이 가능합니다. ,1일 최대 3(2)시간 사용가능합니다. ,,,,,,서울특별시 성북구 화랑로13길 60성북구(하월곡동),37.6068163,127.0423832,확인승인,http://job.seoul.go.kr/www/common/img.jsp?dir=jobcafe&name=3_2.jpg,대학교
무중력지대 양천,안녕하세요. 무중력지대 양천입니다.  잔잔한 음악과 따뜻한 햇살을 받으면서 개인업무와 휴식을 취할 수도 있는 공간이에요.  온라인 시험 및 회의/모임 관련한 대관은 아래 전화번호로 연락 바랍니다.,**다양한 청년들의 공간이용을 위해 일자리카페를 통한 무료대관은 수요일만 진행합니다**  스페이스 클라우드를 통해 대관하시면 스터디룸과 더불어 대규모 회의와 강연 등으로도 이용할 수 있는 세미나실도 대관 가능합니다.(유료)  청년들을 위한 다양한 프로그램도 진행하니 무중력지대 양천 홈페이지 및 블로그를 참고해주세요!   만나야지대(회의실) 배워야지대(세미나실) 상담해야지대 대관은 정규 운영시간 내 비무장지대 및 모여야지대(코워킹스페이스) 및 전체 대관은 운영시간 외 가능합니다.,월-금 10:00 ~ 22:00 / 토 10:00 ~ 17:00,일요일 공휴일 대체공휴일 휴무,<비무장지대> (DMZ) : 북콘서트 강연 영화상영 등 여러 행사가 열리며 프로그램이 없을 시 자유롭게 이용 가능한 오픈 공간입니다.,<만나야지대1 2> (MEETING ZONE) : 소규모 독립공간으로 조용하고 아늑한 분위기에 청년들이 모여 자유롭게 의견을 공유할 수 있는 공간입니다.,<상담해야지대> (COUNSELING ZONE) : 코로나 이후 온라인 수업 및 시험 회의 등을 위한 독립적인 공간이 필요할 때 사용 가능하며 1:1상담도 이루어지는 공간입니다. 전화문의를 통해 대관 가능합니다.,<배워야지대1 2> (LEARNING ZONE) : 교육과 모임장소가 필요한 청년들을 위한 각종 세미나와 교육장으로 활용되며 배움과 토론을 통해 청년들이 자신의 꿈을 찾아갈 수 있는 공간입니다.,<먹어야지대> (EATING ZONE) : 혼밥이 아닌 청년들이 함께 요리하고 음식을 즐기며 이야기 나눌 수 있는 공간으로서 누구나 자유롭게 이용 가능한 오픈 공간입니다.,★ 만나야지대2 / 배워야지대1 2 는 스페이스 클라우드를 통해 대관 가능합니다.,※무료대관 : 만나야지대1 수 10:00~22:00,,,,무중력지대 양천은 ‘청년’을 위한 공간입니다.,,★★무중력지대양천 자체 사업으로 취소될 수 있다는 점 감안 부탁드립니다.★★,모든 대관은 이용자의 50% 이상이 만19세~만39세의 청년이어야 합니다.,그러나 대관일 일주일 이전까지 청년 대관일정이 없으면 청년이 아니더라도 대관이 가능합니다. ex) 3월 10일 대관일 3일 이전 : 청년 대관 우선 3일~9일 : 연령 무관,네이버 스페이스 클라우드 및 전화예약 현장예약이 가능합니다. (당일과 전날은 전화와 현장예약),만나야지대 배워야지대는 정규 운영시간(평일 10:00~22:00 토요일 10:00~17:00)내 비무장지대는 운영시간 외에만 대관 가능합니다.,이용 후 책상 및 의자 세팅 원상복구 및 발생한 쓰레기는 깨끗이 정리해주세요. ,,,서울특별시 양천구 오목로 359양천구무중력지대양천,37.5246912,126.8773916,확인승인,http://job.seoul.go.kr/www/common/img.jsp?dir=jobcafe&name=1_6.jpg,공공시설
인덕대학교,취업과 진로를 찾기 위한 스터디그룹 공간입니다.,서울시 노원구 인덕대학교 내에 위치하고 있으며  취업상담과 멘토링 이력서.자기소개서 클리닉 스터디룸 대여 등  청년취업을 위한 다양하고 체계적인 프로그램을 제공합니다.,평일 09시~18시,주말 및 공휴일,세미나룸 최대 40인 수용가능/스터디룸 최대 6~8인 가능,스터디룸명 : 취업특강실 잡카페,스터디룸 유형 : 세미나실 스터디룸 등,무료개방일시 : 월요일~금요일 8시간,스터디룸 수용인원 : 최소 6명~최대40명,스터디룸 부대시설 : 전자교탁 화이트보드 검색용 컴퓨터 등,스터디룸 간략소개 : 비젼,,,,청년은 누구나 무료로 예약 또는 이용하실 수 있습니다. 아쉽게도 무료공간은 청년들을 위해서만 개방이 되어 있습니다.,본 대학교 학생들이 우선적으로 이용토록 합니다.,※ 대학교 일자리카페는 일자리포털을 통하여 별도 공간 예약을 받지 않습니다.,,,,,,,,서울특별시 노원구 초안산로 12노원구,37.6313747,127.0555547,확인승인,http://job.seoul.go.kr/www/common/img.jsp?dir=jobcafe&name=인덕대_메인이미지(일자리카페)_1.jpg,대학교
종로여성인력개발센터 청년일자리카페,청년들이 꿈을 키우는 공간입니다.  피어라 청년의 삶 웃어라 청년의 꿈!   ,종로여성인력개발센터에서는 직업훈련-취업지원-사후관리까지 ONE-STOP 종합지원서비스를 제공합니다.  종로여성인력개발센터가 제공하는 V-Up솔루션  # Vision-Up 청년고용서비스   - 청년취업성공패키지   - 청년내일채움공제   - 청년재직자 내일채움공제  # Version-Up 청년특화직업훈련   - 청년취업아카데미   - 내일배움카드제 훈련  # Value-Up 오직 종로센터에서만   - 대학로 일(JOB)내다! 공연예술 아카데미     (공연기획자 양성)   - 패션주스 아카데미     (패션 주얼리 스타트업을 위한 브랜딩 전문가 양성과정)   - 디지털마케팅 아카데미,평일 09시~17시,주말 공휴일,스터디룸(최대 8인 수용),스터디룸 :  센터 4층 402호입니다.,스터디룸 유형 : 폐쇄형 공간입니다.,무료개방일시 : 평일(월 금 / 09:00~17:00) *단 화 13:00~17:00 1:1상담 진행으로 대관불가,스터디룸 수용인원 : 최소 3명~최대 8명,스터디룸 부대시설 : 화이트보드 에어컨 무료 와이파이,스터디룸 간략 소개 : 8인까지 수용 가능한 깔끔하고 조용한 공간입니다.,,,,※ 이용 목적 및 요청 사항에 사용하시는 분들의 이름을 모두 적어주세요 ※,청년은 누구나 무료로 예약 또는 이용 하실 수 있습니다. 아쉽게도 무료공간은 청년(만15~39세)들을 위해서만 개방이 되어 있습니다.,예약을 통해서만 이용할 수 있습니다. ,예약하신 시간 변경이나 취소 시 최소 하루 전까지 알려 주세요.,취창업 관련 청년활동(스터디 면접 준비 해당 주제 관련 모임)에 한해서만 이용이 가능합니다. ,1팀 3시간까지 사용 가능합니다. ,스터디룸 안에서는 식사 등 외부음식 배달 금지됩니다.,,,,서울특별시 종로구 대학로11길 23종로구대학로스타시티빌딩 2층 3층 4층,37.5820241,127.0004101,확인승인,http://job.seoul.go.kr/www/common/img.jsp?dir=jobcafe&name=종로센터 메인사진 스터디.jpg,공공시설
청년교류공간,전국 청년들의 교류와 활동 지원을 위한 공간입니다.,서울시 청년교류공간은 '청년(서울시 기준 만 19세-39세)'의 활동 및 청년을 위한 활동 교류활동을 하는 단체를 위해 운영하고 있으며 다른 지역 청년들이 함께 만나는데 부담을 덜고 마음의 지지를 얻도록 조성된 공간입니다. ,월~금 10~22시,공휴일,*모든 이용자는 접종완료 및 음성/예외 확인 후 출입이 가능합니다. 자세한 내용은 청년교류공간 공식 홈페이지 또는 SNS에서 확인 부탁드립니다.,스터디룸명 : 들어봐방(3층) / 유형 : 세미나실 다목적홀 / 수용인원 : 최대 10명 / 무료개방일시 : 평일 10시~19시,부대시설 : wifi 2인 테이블 10개 의자 20개 빔프로젝터(RGBHMDI) 화이트보드 마이크 구획용 가벽 정수기 ,서울 일자리카페로 제공되는 스터디룸은 청년활동을 위한 공간으로 청년은 누구나 무료로 예약 또는 이용하실 수 있습니다. (서울시 기준 만 19세-39세),청년교류공간 건물에서는 음주 및 흡연이 불가하며 특히 공간 입구 및 인근 아파트 단지 내에서 흡연을 삼가주세요.,주차 공간이 마련되어 있지 않기 때문에 대중교통을 이용하거나 공영주차장을 이용해주세요.,본 공간은 공유공간이므로 사용하신 물품 및 자리를 스스로 정리해주셔야 합니다. 정리 미비 시 이용자에게 정리정돈을 요청할 수 있습니다.,쓰레기는 1층에서 분리수거 처리해야하며 음식물 쓰레기의 경우 쓰레기봉투를 직접 구비하여 정리해주셔야 합니다. ,이용자 과실로 인한 분실 및 파손은 배상하셔야 하니 사용 시 유의해주세요. 현수막 부착 필요 시 사전 문의부탁드립니다.,음식물 반입 및 반려동물 동반의 경우 운영국에 사전 고지 및 허가가 필요합니다.,대관 승인은 월~금 10시~18시 사이에 이루어집니다. 야간 및 주말에 대관 신청을 하시는 경우 미승인 자동취소 될 수 있습니다.,보다 많은 청년 이용자들에게 이용 기회가 돌아갈 수 있도록 1팀 최대 2시간까지 신청이 가능합니다.,공간 이용 전 대관 신청자는 2층 운영국 또는 1층 안내사무소에 ★꼭 방문하여 체크인★ 하고 안내를 받아주세요. (신분증 이름 확인),대관 신청자는 대관 체크인부터 체크아웃까지 공간 이용의 책임을 가지고 있습니다. 인원관리 분실 및 파손 청결 등에 있어 운영진과 함께 관리 감독합니다. ,공간 이용 시간은 뒷정리를 포함한 시간입니다. 다음 이용자를 위하여 5분 전까지 정리 및 퇴실을 마쳐주세요.,대관 신청은 이용일 3일 전까지 가능합니다. 2일 전~당일 신청 건은 취소될 수 있습니다.,동일 시간대에 일자리카페 외 별도 채널을 통하여 대관 신청이 되어 있는 경우 예약이 취소될 수 있으니 양해 부탁드립니다.,,,,서울특별시 마포구 방울내로5길 42마포구청년교류공간,37.5610854,126.9004303,확인승인,http://job.seoul.go.kr/www/common/img.jsp?dir=jobcafe&name=청년교류공간_1.jpg,공공시설
상명대학교 SM카페,SM카페는 청년들이 꿈과 희망을 키우며 자유롭게 수다를 즐길 수 있는 공간 입니다. ,넓은 공간으로 다채로운 행사를 진행할 수 있고요 청년 취업정보를 제공하고 있으며 음료를 마실 수 있는 음료대가 비치되어 있음. ? 최대 20명 까지 수용가능,평일 09시~21시/토공휴일 10시~18시,없음,청년은 누구나 무료로 예약 또는 이용 하실 수 있습니다.,운영시간: 평일 09:00~21:00,휴무일(토요일 공휴일) 없음 ,,,,,,,,※ 대학교 일자리카페는 일자리포털을 통하여 별도 공간 예약을 받지 않습니다.,,,,,,,,,,서울특별시 종로구 홍지문2길 20종로구상명대학교 학생회관 대학일자리센터 201호,37.6020023,126.9543042,확인승인,http://job.seoul.go.kr/www/common/img.jsp?dir=jobcafe&name=메인1_1.png,스터디카페
명지전문대학 일자리카페,서울시 일자리정책과 취업 정보들을 홍보하는 공간입니다.,서울시 일자리정책과 취업 정보들을 홍보하는 공간입니다.,월~금 09:00~17:00,주말 공휴일,※ 대학교 일자리카페는 일자리포털을 통하여 별도 공간 예약을 받지 않습니다.,,,,,,,,,,※ 대학교 일자리카페는 일자리포털을 통하여 별도 공간 예약을 받지 않습니다.,,,,,,,,,,서울특별시 서대문구 가좌로 134서대문구,37.5846465,126.9251874,확인승인,http://job.seoul.go.kr/www/common/img.jsp?dir=jobcafe&name=20210331_152357.gif,대학교
노량진청년일자리센터,청춘의 내일을 찾는 곳 노량진청년일자리센터,오픈석으로 이용 스터디룸 다목적홀 교육실 2개소,평일 09시~22시 토요일 09시~18시,국경일 및 공휴일 ,오픈 스터디룸,스터디룸 유형 : 세미나실회의실스터디룸 교육실 등,무료개방일시 :  평일 09:00~22:00 토요일 09:00~18:00 (공휴일 및 일요일 휴관),다목적홀 최대 수용인원 : 35명,다목적홀 부대시설 : wifi 화이트보드 빔 프로젝트,세미나룸 및 다목적홀  간략 소개 : 청년층(만19세~만39세)은 누구나 오셔서 사용하실 수 있습니다.,세미나룸 부대시설 : wifi 화이트보드 빔 프로젝트(세미나룸 12를 모두 사용할 경우에만 가능),,,,팀당 하루 3시간이상 이용하실 수 없습니다.(한팀이 예약자 명을 바꿔서 3시간 이상 대여할 수 없습니다.),최소 예약인원은 3명이며 세미나룸 정원은 6명 다목적홀 정원은 30명 입니다.,예약을 통해서만 이용할 수 있습니다. (당일 예약은 불가합니다.),예약자가 반드시 모임에 참여해야 합니다. (대리 예약 불가) ,세미나룸 및 다목적홀 내 음식물 반입 및 섭취는 일체 금지합니다!!,취창업 관련 청년활동(스터디 면접 준비 해당 주제 관련 모임)에 한해서만 이용이 가능합니다. ,노량진 청년일자리센터에서 제공되는 세미나룸 다목적홀은 홈페이지 예약일정을 확인해주시기 바랍니다.,세미나룸  빔프로젝트 사용은 6명 이상 세미나룸 12 모두 사용시에만 가능합니다.,예약 후 대관 전 취소사유 발생시 서울시일자리포털에서 본인이 직접 취소하시면 됩니다.(개인서비스>일자리카페),※ 대관 예약 신청 후  노쇼발생 등 미사용 시  해당 대관자의 차후 사용이 제한될 수 있습니다.,서울특별시 동작구 노량진로 190동작구23층 노량진 청년일자리센터(고려교육타워-어바니엘한강 노량진동),37.5130951,126.9469753,자동승인,http://job.seoul.go.kr/www/common/img.jsp?dir=jobcafe&name=동작구청 사진01.jpg,공공시설
덕성여자대학교(커리어센터),대학생들의 취업프로그램 및 취업알선 등을 위한 공간,대학내에 있는 커리어 개발센터 입니다. (졸업생 및 재학생들의 취업에 필요한 프로그램 및 취업에 성공하기 위한 전략을 세우는 공간입니다.),9시~17시,공휴일,해당없음.,,,,,,,,,,※ 대학교 일자리카페는 일자리포털을 통하여 별도 공간 예약을 받지 않습니다.,,,,,,,,,,서울특별시 도봉구 삼양로144길 33도봉구덕성여자대학교 커리어센터,37.6511988,127.0161604,확인승인,http://job.seoul.go.kr/www/common/img.jsp?dir=jobcafe&name=1_1.png,대학교
서울과학기술대학교 일자리카페,서울시 일자리정책과 취업 정보들을 홍보하는 공간입니다.,서울시 일자리정책과 취업 정보들을 홍보하는 공간입니다.,월~금 09:00~17:00,주말 공휴일,※ 대학교 일자리카페는 일자리포털을 통하여 별도 공간 예약을 받지 않습니다.,,,,,,,,,,※ 대학교 일자리카페는 일자리포털을 통하여 별도 공간 예약을 받지 않습니다.,,,,,,,,,,서울특별시 노원구 공릉로 232노원구,37.6324657,127.0786713,확인승인,http://job.seoul.go.kr/www/common/img.jsp?dir=jobcafe&name=서울과학기술대.png,대학교
강동일자리카페,청년 지역특화공간 강동일자리카페입니다. ,청년 지역특화공간 강동일자리카페입니다. 청년 취업을 위한 모든 서비스를 제공합니다. ,월~토 09:00~18:00,일요일 공휴일,스터디룸 사용 가능합니다(예약필!) ,※ 강동일자리카페 문의: 02-3427-1067~9,,운영시간: 월~ 토 09:00~18:00,강동일자리카페 스터디룸 이용방법 : 서울일자리포털 또는 모바일앱 예약,교육공간(30석 규모) / 스터디룸(6인용 그룹스터디룸 2개 보유) - 코로나19 지침변동에 따라 사용인원 유동 적용 : 현재 최대예약인원 4 인,전체 대관 행사가 진행될 경우 예약이 제한 될 수 있으며 행사 진행 시 소음이 발생할수 있으므로 양해 바랍니다.,주차공간 없음/ 공용 컴퓨터(노트북)없음/ 프린트 사용 가능,외부 음료 음식물 반입 및 섭취 금지입니다. ,,취업관련 청년활동(취업스터디 면접준비 해당주제관련모임)에 한해서만 이용이 가능합니다.,예약을 통해서만 이용이 가능합니다. ,좋은 공간을 많은 사람들이 공유하자는 취지에서 1팀 1일 최대 3시간 예약 가능합니다.,예약은 주 1회 3시간만 가능합니다. (팀원이름 바꿔 연속예약 불가/예약인원 필수 참석 수시 출석체크),스터디룸 예약시 연락처 이용목적 사용인원  성명 전부 :  필수 기재바랍니다. ,스터디룸 이용은 최소 2인 이상 예약 가능합니다.(1인 안됨) ,이용 목적을 기재하지 않을 경우 예약 취소가 될 수 있으며 이용목적에 맞지 않을 경우 사용승인 취소될 수 있음을 양해 바랍니다. ,예약 후 참석하지 않으실 경우 스터디룸 사용이 취소되며 추후 스터디룸 사용에 제한을 받을 수 있으니 꼭 주의 해 주시기 바랍니다.,AI면접체험룸 이용자는 본인 이어폰 지참 필수.,,서울특별시 강동구 올림픽로 797강동구 4층 강동일자리카페,37.5523671,127.1280609,자동승인,http://job.seoul.go.kr/www/common/img.jsp?dir=jobcafe&name=강동1.jpg,공공시설
마포청년나루,Design For Our Dream! 청년들의 꿈을 디자인 하는 마포구 청년공간 '마포청년나루'입니다.,마포청년공간은 마포구가 설립하고 (사)한국청소년지원네트워크가 수탁운영하는 19세~39세 청년이라면 누구나 자유롭게 이용 가능한 열린 공간입니다. 청년들의 네트워킹과 취?창업을 위한 역량개발과 창의적 활동을 지원합니다. ,평일 오전10시~오후9시 / 토요일 오전10시~ 오후6시,일요일 공휴일,청년들의 취?창업 역량개발 및 네트워킹 형성을 위한 열린 공간입니다.,모든 시설 이용자는 주차가 불가능합니다.,온라인 예약이 불가한 경우 전화(02-6261-1939)로 문의해주세요.,,,,,,,,만 19세~39세 청년은 누구나 무료로 예약하여 사용 가능합니다.,예약 가능 인원/시간 : 최대 6명(코로나19 방역 관리 인원제한) / 1팀당 최대 2시간 예약 가능하며 1팀당 연장 1회까지 가능합니다.(최대 4시간 이용),당일 및 전날 예약은 유선전화로 문의해주시고 일요일 및 공휴일은 예약 승인이 어렵습니다. ,무단 불참(노쇼) 시 추후 예약에 제한이 있을 수 있습니다. 당일 취소는 무단불참 처리되며 반드시 하루 전까지 취소해주시기 바랍니다.,기관행사 및 프로그램 진행과 중복될 경우 사용 예약 승인이 취소될 수 있습니다.,많은 분들께 기회를 드리기 위해 정기/고정 예약 시 승인이 제한될 수 있습니다.,코로나19 방역 관리에 따라 취식을 금지하며 종이컵 제공이 불가하니 개인텀블러 지참하여 방문해주시기 바랍니다.,다음 예약자를 위하여 종료시간 5분 전까지 책상과 의자 세팅을 원상복구하여 담당자 확인 후 퇴실 해주시기 바랍니다.,취?창업 관련 청년 활동에 한해서만 이용 가능하며 상업적인 목적 정치적인 목적 종교활동의 목적 다른 시민의 안전 및 시설물 유지상 사용을 제한할 필요가 있다고 인정할 경우 등 이용이 제한될 수 있습니다.,,서울특별시 마포구 토정로 148- 22마포구2층,37.544791,126.926964,확인승인,http://job.seoul.go.kr/www/common/img.jsp?dir=jobcafe&name=3Y1A4484.JPG,공공시설
양천 청년일자리카페,취업을 준비하는 청년들에게 필요한 모든 서비스를  한 곳에서 제공하는 청년취업특화 공간입니다 !,양천구 광역일자리카페 ' 양천 청년일자리카페 '입니다.  청년들의 취업 역량 강화를 지원하는 청년기관입니다. 도움이 필요한 청년들을 기다리고 있습니다 :-),화-토:10:00-22:00,일요일 월요일 및 공휴일,취업을 준비하는 청년이라면 누구나 이용 가능한 공간들로 구성되어 있습니다. 일부 공간은 예약 후 이용하실수 있습니다.,세미나룸 : 취업 교육 강연 및 다목적 회의 공간입니다. 예약 후 이용하실 수 있으며 최대 30명까지 이용하실 수 있습니다.,스터디룸 12 : 취업 스터디 및 취업 준비 활동을 위한 공간입니다.  1인 칸막이 좌석으로 구성되어 있으며 예약 후 이용하실 수 있습니다.,집중상담실 : 취업컨설팅 등 각종 상담 AI 역량검사 등이 진행되는 공간입니다.             ,커뮤니티 공간 : 취업 스터디 소통 및 휴식이 가능한 공간으로 청년 누구나 이용하실 수 있습니다.,햇살데크 : 야외 테라스 공간으로 청년 누구나 이용하실 수 있습니다.,,,,,만 19세~39세 청년은 누구나 무료로 예약하여 이용하실 수 있습니다.,예약을 통해서만 이용할 수 있습니다. (최소 2일 전 예약을 해 주셔야 합니다.),취/창업 관련 청년활동(스터디 면접 준비 해당 주제 관련 모임)에 한해서만 이용이 가능합니다. 상업적 종교적 용도로 이용 시 승인이 취소될 수 있습니다.,이용 후 책상과 의자 세팅은 원상복구 부탁드리며 쓰레기는 깨끗이 정리해주세요.,세미나룸 및 스터디룸 내 음식물 반입 및 섭취는 불가합니다.,예약가능 인원 및 시간 : 공간별 상이,1일 1팀당 최대 3시간 사용 가능합니다.,대관 예약 신청 후 무단 불참(노쇼) 시 추후 예약에 제한이 있을 수 있습니다.,,,서울특별시 양천구 등촌로 210양천구목동깨비시장주차장 공유센터 4층,37.5482504,126.8636293,확인승인,http://job.seoul.go.kr/www/common/img.jsp?dir=jobcafe&name=양천일자리카페_메인이미지.jpg,공공시설
강남 취창업허브센터 광역일자리카페,청년들의 꿈을 위해 취업과 창업 모두를 아우르는 강남의 중심공간 강남 취창업 허브센터,강남구에 새롭게 개소하여 다양한 취업 프로그램 일자리 정보 제공 및 직무 상담 AI프로그램을 활용한 면접 체험 서비스까지 일자리에 관한 모든 것이 있는 강남 취창업허브센터 광역 일자리카페,10시 ~ 20시 ,주말 공휴일,스터디룸(총 6인) 2개실 개별스터디룸 1~6개 오픈 공부공간 폰부스 ,스터디룸 유형 : 스터디룸 및 회의식,스터디룸 수용인원: 최소2명~최대 6명,스터디룸 부대시설 : wifi 화이트보드 등,무료 공간 개방 일시 : 평일 9시 ~ 21시,,,,,,청년은 누구나 무료로 예약 또는 이용 하실 수 있습니다.,예약 후 승인된 뒤에 이용할 수 있으며 다양한 사람들의 공간 활용을 위해 최소 1시간에서 최대 3시간까지 예약 가능합니다.  ,취창업 관련 청년활동 (스터디 면접 준비 해당 주제 관련 모임)에 한해서만 이용이 가능합니다. ,예약 인원의 이름이 구체적으로 작성되어 있지 않을 경우 예약 취소가 될 수 있습니다. ,주말 예약 신청 시 예약이 취소될 수 있습니다. ,,,,,,서울특별시 강남구 역삼로 160강남구지하1층,37.4947898,127.0366468,확인승인,http://job.seoul.go.kr/www/common/img.jsp?dir=jobcafe&name=메인이미지_4.jpg,공공시설
제2청년활력소(청년 종합지원공간),청년 취업상담 재테크 관리까지… 청년 종합지원공간 ‘제2 청년활력소’ ,? 스터디룸명 : 스터디카페(4인) 스터디카페(6인) 취업상담실 ? 스터디룸 유형 : 취업정보 교류 직무 탐색 정보교류를 위한 취업스터디 공간 2개실 진로/취업 전문상담 및 직무 맞춤형 채용정보를 종합 제공하는 취업상담실 1개실 ? 운영시간 : 월~금 09시~18시 (스터디카페) / 월~토 09시~18시 (취업상담실) 상시 무료 사용 가능 ※ 공휴일 일요일 미운영 ? 스터디룸 수용인원 : 4인 스터디룸 1개실 6인 스터디룸 1개실  ? 스터디룸 부대시설 : 스터디카페 : 대형 모니터 화이트 보드 등 ? 스터디룸 간략 소개 : 서울시 본청사 지하1층 시민청 공간에서 다채로운 취업 프로그램에 참여하고 진로?취업 연계를 지원하는 공간입니다. 지하철 12호선 시청역을 이용한 접근이 용이하며 만 39세 이하 청년이라면 누구나 무료로 이용할 수 있습니다.,9시~18시,일요일 공휴일,※ 11월~2월 동절기로 인해 자유석은 오후 19: 30까지 이용이 가능합니다. ,※ 서울영테크상담 청년마음건강상담 예약은 청년몽땅정보통(youth.seoul.go.kr)에서 신청해주세요.,※ 청년부상제대군인 상담 예약은 유선(02-6354-2030~2)으로 신청해 주시기 바랍니다.,스터디카페(4인?6인) 2실 ,스터디카페(4인)실은 수시로 시설 점검이 있어 이용시 참고바랍니다,취업상담실 1실,서울영테크상담실 2실,청년마음건강상담실 2실 ,청년부상제대군인 상담센터 1실,,※월 3회 이상 무단 불참(노쇼) 발생시 향후 예약 불가상황이 발생할 수 있습니다. ,당일 취소는 노쇼로 인정되오니 반드시 참여 가능 일정 확인 후 예약하여 주시고 취소발생시 하루 전까지 처리해 주시기 바랍니다., 청년(만 15~39세)은 누구나 무료로 예약 또는 이용 하실 수 있습니다., 예약을 통해 이용이 가능합니다. 좋은 공간을 많은 사람들이 공유하자는 취지에서 1팀 최대 3시간 예약 가능합니다., 이용목적을 기재해 주시기 바라며 취업관련 청년활동에 맞지 않을 경우 사용 승인이 취소될 수 있음을 양해 부탁 드립니다., 음식물 반입 및 섭취 금지입니다. 물품 보관 안되며  분실은 책임지지 않습니다. , 예약자가 반드시 모임에 참여해야 합니다. (대리 예약 불가), 시민청 주변 시위로 폐쇄 시 5번 출구를 이용하세요.,매주 화목 12:00~12:50 시민청내 음악공연리허설은 10:00~11:30 사이 소음이 있을 수 있습니다. 예약시 참고해 주세요., 스터디실은 공동으로 사용하는 공간으로 다음 예약자를 위하여 10분 전에 마무리해 주시길 부탁드립니다. ,서울특별시 중구 세종대로 110중구서울시청 시민청 지하 1층 제2청년활력소,37.5665734,126.978179,자동승인,http://job.seoul.go.kr/www/common/img.jsp?dir=jobcafe&name=스터디카페(4인).jpg_사이즈조절.jpg,공공시설
청년일다방,청년일.다(多).방(訪) 일?다?방 문을 두드리는 청년들이  취업정보와 꿈을 찾아갈 수 있도록 지원합니다.,안녕하세요? 성동구 광역일자리카페 청년 일다방 운영진 입니다.   청년 일다방은 청년 취업을 지원하기 위해 성동구에서 진로설계 취업상담 멘토링 취업특강부터 스터디룸 무료대여 이력서 사진촬영까지 취업준비에 필요한 서비스를 통합 제공하는 공간입니다.  진로설계부터 취업까지! 성동구 청년 일다방에서 함께해요! 여러분의 취업을 청년 일다방에서 지원해드립니다. 감사합니다   - 운영진 올림 -,평일 09시~18시,토요일 공휴일,스터디룸 2 ~ 8명(최대) 수용 가능,상담실 비대면 교육장 옥상정원,,,,,,,,,청년은 누구나 무료로 예약 또는 이용 하실 수 있습니다. 아쉽게도 무료공간은 청년들을 위해서만 개방이 되어 있습니다.,하루 전까지 예약을 통해서만 이용할 수 있습니다. ,좋은 공간을 많은 사람들이 공유하자는 취지에서 1팀 최대 2시간 까지만 예약 부탁드립니다. 같은 시간대 최대 2팀까지 신청 가능하나 단독으로 신청을 원하는 경우 미리 연락 부탁드립니다.,*취창업 관련 청년활동 (스터디 면접 준비 해당 주제 관련 모임)에 한해서만 이용이 가능합니다.,*서울시일자리카페로 제공되는 스터디룸은 홈페이지 예약일정에서 확인 부탁드립니다. 감사합니다.,,,,,,서울특별시 성동구 성수일로12길 20성동구성동안심상가 7층,37.5482173,127.0533479,확인승인,http://job.seoul.go.kr/www/common/img.jsp?dir=jobcafe&name=스터디룸 외관+내관.jpg,공공시설
청년활력소(화상면접&영상실),독립된 공간에서 화상 면접을 원하시나요? 자기소개를 영상으로 제작하고 싶으신가요? 여기 ‘청년활력소’가 있습니다.,비대면 면접 준비 자기소개 영상 제작 AI면접 체험 & 역량 검사 취업상담까지 원스톱 지원 ‘청년활력소'  청년활력소는 코로나19 시대 비대면 면접 공간 확보에 어려움을 겪고 있는 청년 구직자들의 비용과 시간 부담을 덜어주고 다채로운 취업지원 프로그램에 참여하며 실질적인 취업 연계를 지원하는 공간입니다.   * 공간 소개 : 서울시 본청사 지하1층 시민청 안에 독립된 공간에서 차분하게 ‘화상면접’을 준비하고 전문 장비가 구비된 스튜디오에서 ‘자기소개 영상’을 제작할 수 있는 청년을 위한 공간입니다.  지하철 12호선 시청역을 이용한 접근이 용이하며 만 15세~39세 청년이라면 누구나 무료로 이용할 수 있습니다.   * 이용공간명: 화상면접실1 화상면접실2 화상면접실3 자기소개 영상실   * 무료개방일시 : 평일(10~18시) 상시 무료 사용 가능 ※ 휴일 주말 미 운영  [화상면접실 123]  - 장비: 노트북 조명 마이크 등 비대면 면접 및 AI면접 장비  - 이용인원: 1인  - 용도: 화상 면접 AI 면접 체험 AI 역량검사 등   [자기소개 영상실]  - 장비: 카메라 편집용 데스크탑PC 및 소프트웨어(OBS) 조명 마이크 크로마키 등 영상 제작?편집장비    - 이용인원: 1~4인  - 용도: 자기소개 프로필 영상제작 개인 포트폴리오 동영상 제작 등,평일 10시 ~ 18시,공휴일 토요일 일요일,대여 공간: 화상면접실1 2 3실 / 자기소개영상실 1실 / 자유석,예약 방법: 서울일자리포털,예약은 주1회/ 1일 3시간 가능합니다.,화상면접실 예약이 불가능할 경우: '서울시청년일자리센터와 강동일자리카페'에 화상 면접이 가능하니 확인해 보세요.  ,,,,,,,청년(만 15~39세)은 누구나 무료로 예약 또는 이용 하실 수 있습니다. ,예약을 통해 이용이 가능합니다. 좋은 공간을 많은 사람들이 공유하자는 취지에서 1팀 최대 3시간 예약 가능합니다.,이용목적을 기재해 주시기 바라며 취업관련 활동에 맞지 않을 경우 사용 승인이 취소될 수 있음을 양해 부탁 드립니다. ※ 예시: 화상면접 개인프로필 영상 제작 등,음식물 반입 및 섭취 금지입니다. (화상면접실과 자기소개 영상실은 방음 시설이 되어 있어 음료 섭취도 불가 합니다.),예약자가 반드시 모임에 참여해야 합니다. (대리 예약 불가),예약된 시간 이후에는 취소가 불가하여 노쇼로 처리됩니다. 예약 시간 전까지 본인이 직접 취소해야 합니다. ,시민청 주변 시위로 폐쇄 시 5번 출구를 이용하세요. (필요 시 02-739-9050으로 연락 주세요.),**공지사항**  매월 매주 화목 12:00~12:50 시민청내 음악공연으로 소음이 있을 수 있습니다. 예약시 참고해 주세요. (리허설은 10:00~11:30 사이),,,서울특별시 중구 세종대로 110중구지하1층 시민청,37.5665734,126.978179,자동승인,http://job.seoul.go.kr/www/common/img.jsp?dir=jobcafe&name=1. 메인 이미지_20211122_153550.jpg,공공시설
