 사업장명,소재지,업종,기업규모,임금,일생활균형,고용안정,비고
(주)아이퀘스트,"서울특별시 구로구 디지털로34길 55, 407호(구로동,코오롱싸이언스밸리 2차)",정보통신업,중소기업 105,1,0,0,1
주식회사 마크애니,"서울특별시 중구 퇴계로 286, 10층(쌍림동,쌍림빌딩)",정보통신업,중소기업 174,1,0,0,1
(주)코젠바이오텍,"서울특별시 금천구 가산디지털1로 168, C동 1110호","전문, 과학 및 기술 서비스업",중소기업 100,1,1,1,3
(주)케이아이엔엑스,"서울특별시 강남구 강남대로 636, 7층,10층(신사동,두원빌딩)",정보통신업,중소기업 147,1,1,1,3
(주)골든민커뮤니케이션,"서울특별시 종로구 종로5길 58, 11층(수송동,석탄회관)",도매 및 소매업,중소기업 26,1,0,1,2
(주)이에이엔테크놀로지,"서울특별시 강남구 테헤란로77길 11-19(삼성동,EAN빌딩)","전문, 과학 및 기술 서비스업",중소기업 109,1,0,1,2
(주)디에스멘토링,"서울특별시 마포구 매봉산로 31, 스마티움 10층(상암동,에스플렉스센터) ",정보통신업,중소기업 30,0,1,1,2
(주)인사커뮤니케이션,"서울특별시 성동구 연무장5가길 25, 1007호(성수동2가,SK V1타워)",정보통신업,중소기업 26,0,1,0,1
네오컨버전스 주식회사,"서울특별시 성동구 아차산로 49, 1701호(성수동1가,서울숲코오롱디지털타워3차)",도매 및 소매업,중소기업 13,0,0,1,1
(주)씨알에스큐브,"서울특별시 마포구 월드컵북로 396, 807호(상암동,누리꿈스퀘어 연구개발타워)",정보통신업,중소기업 92,0,0,1,1
(주)에프앤자산평가,"서울특별시 강서구 마곡중앙2로 61, 2~3층(에프앤가이드빌딩)",정보통신업,중소기업 105,1,1,0,2
(주)지오시스템,서울특별시 마포구 토정로14길 27(신정동),도매 및 소매업,중소기업 29,0,1,1,2
(주)큰사람커넥트,"서울특별시 구로구 디지털로26길 61, 1303~1304호(구로동,에이스하이엔드타워2차)",정보통신업,중소기업 69,0,1,1,2
풍림무약(주),"서울특별시 중구 소월로 10, 16층(남대문로5가,단암빌딩)",제조업,중소기업 200,1,1,1,3
쿠도커뮤니케이션(주),"서울특별시 서초구 효령로 171, 용상빌딩 302호",제조업,중소기업 237,1,1,0,2
(주)이액티브,"서울특별시 영등포구 양평로 157, 1411호(양평동5가,선유도투웨니퍼스트밸리)",정보통신업,중소기업 38,1,1,1,3
(주)프로젝트노아,"서울특별시 구로구 디지털로29길 38, 1103호(구로동,에이스테크노타워3차) ","전문, 과학 및 기술 서비스업",중소기업 25,1,0,0,1
(주)디엠아이시스템즈,"서울특별시 마포구 성지길 27(합정동,디엠아이빌딩) ",도매 및 소매업,중소기업 27,0,1,1,2
(주)에어코드,"서울특별시 금천구 가산디지털2로 123, 13층(가산동,월드메르디앙2차)  ",정보통신업,중소기업 49,1,1,1,3
(주)마크로밀엠브레인,"서울특별시 강남구 강남대로 318, 10~14층(역삼동,837타워)","전문, 과학 및 기술 서비스업",중견기업 273,1,1,0,2
(주)나우티앤에스,"서울특별시 구로구 디지털로 273 ,1302~1303호(구로동,에이스트윈타워2차) ",정보통신업,중소기업 42,1,1,0,2
이노테크놀로지 주식회사,"서울특별시 금천구 가산디지털2로 184, 1110,1112,1113호(가산동,벽산디지털밸리2차)",도매 및 소매업,중소기업 61,0,0,1,1
(주)고려아카데미컨설팅,"서울특별시 금천구 디지털로9길 32, B동 17층(가산동,갑을그레이트벨리)",기타,중소기업 80,0,1,0,1
(주)윈위즈,"서울특별시 성동구 아차산로 126, 1210호(성수동2가,더리브 세종타워)",정보통신업,중소기업 24,0,0,1,1
(주)웨인테크놀로지,"서울특별시 구로구 디지털로34길 55, 1314~1315호(구로동,코오롱싸이언스밸리2차)",정보통신업,중소기업 63,1,0,0,1
(주)오픈메이트,"서울특별시 서대문구 통일로 87, 6층(미근동,NH농협생명빌딩 동관)",정보통신업,중소기업 89,1,0,1,2
(주)아이템베이,"서울특별시 양천구 목동중앙북로 112, 3~7층(창경빌딩)",정보통신업,중소기업 59,0,1,0,1
(주)해양정보기술,"서울특별시 금천구 가산디지털2로 14, 1312호(가산동,대륭테크노타운12차)","전문, 과학 및 기술 서비스업",중소기업 60,1,1,0,2
(주)라파스,서울특별시 강서구 마곡중앙8로1길 62(마곡동) ,제조업,중소기업 100,1,0,1,2
주식회사 이바이오젠,"서울특별시 성동구 뚝섬로17가길 48, 405호(성수동2가,성수에이원센터)","전문, 과학 및 기술 서비스업",중소기업 31,1,0,1,2
(주)유앤피플,"서울특별시 구로구 디지털로31길 38-9, 803호(구로동,에이스타크노타워1차)",정보통신업,중소기업 35,0,1,0,1
(주)쓰리에이씨,"서울특별시 금천구 가산디지털1로 168, B동 1307호(가산동,우림라이온스밸리)",제조업,중소기업 170,1,0,1,2
(주)코마츠코리아,"서울특별시 마포구 마포대로 53, A동 1007호(도화동,마포트라팰리스)",도매 및 소매업,중소기업 20,0,1,1,2
(주)스페이드컴퍼니,"서울특별시 강남구 영동대로 704, 3층(청담동,삼강빌딩)",정보통신업,중소기업 35,0,1,1,2
주식회사 솔미디어컴퍼니,"서울특별시 강서구 허준로 217, 가양테크노타운 402-1호",정보통신업,중소기업 8,0,0,1,1
(주)셀메이트,"서울특별시 마포구 만리재로 47, 3층,5층(신공덕동,공덕코어빌딩)",정보통신업,중소기업 48,0,1,1,2
(주)필라멘트리,서울특별시 강남구 학동로44길 16(필라멘트리 빌딩),정보통신업,중소기업 30,0,1,1,2
고려공업검사(주),서울특별시 용산구 청파로89길 4-12,"전문, 과학 및 기술 서비스업",중소기업 272,1,1,1,3
(주)케이씨이아이,"서울특별시 구로구 디지털로32길 30, 15층(구로동,코오롱디지털타워빌란트)",정보통신업,중소기업 43,1,1,0,2
(주)서울스탠다드,"서울특별시 금천구 가산디지털1로 233, 3층(가산동,에이스하이엔드타워9차)",제조업,중소기업 157,1,0,0,1
세기정보통신(주),"서울특별시 구로구 디지털로 272, 1213호(구로동,한신IT타워)",정보통신업,중소기업 85,0,0,1,1
(주)이십일세기소프트,"서울특별시 영등포구 선유로 146, 1410,1411호(양평동3가,이앤씨드림타워)",도매 및 소매업,중소기업 49,0,0,1,1
(주)이엠텍아이엔씨,"서울특별시 용산구 청파로 40, 3층(한강로3가,삼구빌딩)",도매 및 소매업,중견기업 65,0,0,1,1
(주)명인이노,"서울특별시 금천구 벚꽃로 278, 401,402호(가산동,SJ테크노빌)",도매 및 소매업,중소기업 17,1,1,1,3
엠아이큐브솔루션 주식회사,"서울특별시 서초구 남부순환로 2419, 2,3층(서초동,아트빌딩)",정보통신업,중소기업 179,1,1,1,3
(주)인성아이티,"서울특별시 영등포구 양평로22길 21, A203,204호(양평동5가,선유도코오롱디지털타워)",도매 및 소매업,중소기업 18,0,0,1,1
(주)씨넥스존,"서울특별시 용산구 효창원로55길 20, 지하1층,1층일부,2층(용문동,현양빌딩)",도매 및 소매업,중소기업 59,0,1,0,1
(주)티원엘에스,"서울특별시 금천구 가산디지털1로 145, 402호(가산동,에이스하이엔드타워3차)",도매 및 소매업,중소기업 27,0,1,0,1
(주)유씨알엠,"서울특별시 영등포구 당산로41길 11, E1004호(당산동4가,당산 SK V1센터)",기타,중소기업 14,0,0,1,1
(주)볼트마이크로,"서울특별시 용산구 한강대로62길 41, 2층(한강로1가,의성빌딩)",정보통신업,중소기업 8,1,0,1,2
주식회사 오픈서베이,"서울특별시 서초구 서초대로78길 5, 10층(서초동,대각빌딩)",정보통신업,중소기업 95,1,1,0,2
(주)디오에프연구소,"서울특별시 성동구 성수일로77, B204,305,306,307,601,602호(성수동,서울숲IT밸리)",정보통신업,중소기업 30,1,1,1,3
(주)큐빅테크,"서울특별시 구로구 디지털로 272, 301~303호(구로동,한신IT타워)",정보통신업,중소기업 52,1,1,1,3
(주)아톤,"서울특별시 영등포구 여의대로 108, 파크원타워1 26층",정보통신업,중소기업 91,0,1,0,1
(주)이글루코퍼레이션,"서울특별시 송파구 정의로8길 7, 6층(문정동,한스빌딩)",정보통신업,중소기업 964,1,1,1,3
에스큐아이소프트(주),"서울특별시 영등포구 선유로3길 10, 13층(문래동5가,하우스디비즈)",정보통신업,중소기업 175,1,1,0,2
(주)유창하이텍,"서울특별시 영등포구 버드나루로50, 리버타워 2층",제조업,중소기업 75,0,1,0,1
주식회사 에이티아이케이,"서울특별시 구로구 디지털로26길 5, 1010호(구로동,에이스하이엔드타워1차)",도매 및 소매업,중소기업 74,1,1,1,3
(주)아리네트웍스,"서울특별시 성동구 아차산로 144, 301호(성수동2가,우영테크노센터)",도매 및 소매업,중소기업 41,0,1,1,2
아이낸스(주),"서울특별시 영등포구 여의대방로69길 23, 6층(여의도동,한국금융IT빌딩)",정보통신업,중소기업 20,1,1,1,3
(주)라톤테크,"서울특별시 금천구 디지털로9길 32, B-1501호(가산동,갑을그레이트밸리)",정보통신업,중소기업 32,1,1,1,3
(주)지앤지커머스,"서울특별시 영등포구 국제금융로6길 30, 5층(여의도동,백상빌딩)",정보통신업,중소기업 56,1,0,0,1
(주)엑스퍼넷,"서울특별시 구로구 디지털로31길 38-21, 609호(구로동,이앤씨벤쳐드림타워3차)",정보통신업,중소기업 78,1,1,1,3
(주)코이즈,서울특별시 강서구 화곡로59길 37-4(화곡동),도매 및 소매업,중소기업 40,0,1,1,2
(주)신티에스,"서울특별시 구로구 디지털로33길 55, 801호(구로동,이앤씨벤처드림타워2차) ",도매 및 소매업,중소기업 111,1,1,1,3
굿모닝아이텍(주),"서울특별시 마포구 월드컵북로 434, 10층(상암동,상암IT타워)",정보통신업,중소기업 273,1,1,1,3
(주)한국금융IT,"서울특별시 영등포구 여의대방로69길 23, 4층(여의도동,한국금융IT빌딩)",정보통신업,중소기업 54,1,1,1,3
(주)제이코스,"서울특별시 영등포구 영신로 220, 1505~1506호(영등포동8가,KnK디지털타워)",도매 및 소매업,중소기업 33,0,1,0,1
(주)쿠콘,"서울특별시 영등포구 영신로 220, 19층(영등포동8가,KnK디지털타워)",정보통신업,중소기업 188,1,1,1,3
(주)조이앤비즈,"서울특별시 영등포구 양평로21길 26, 1608호(양평동5가,아이에스비즈타워)",정보통신업,중소기업 65,1,0,0,1
(주)투씨에스지,"서울특별시 구로구 디지털로32길 30, 15층(구로동,코오롱디지털타워빌란트1차)",정보통신업,중소기업 69,1,1,1,3
(주)모스티소프트,"서울특별시 영등포구 여의나루로 67, 17층(여의도동,신송빌딩)",정보통신업,중소기업 34,0,1,1,2
주식회사 넥스블루,"서울특별시 영등포구 경인로 775, 1동 818호(문래동3가,에이스하이테크시티)",도매 및 소매업,중소기업 15,0,0,1,1
(주)오토핸즈,"서울특별시 영등포구 양평로25길 8, 8층 (양평동5가,어반322) ",정보통신업,중소기업 108,0,1,1,2
(주)지란지교시큐리티,"서울특별시 강남구 역삼로 542, 5층(대치동,신사S&G빌딩)","전문, 과학 및 기술 서비스업",중소기업 137,1,1,1,3
비즈플레이(주),"서울특별시 영등포구 영신로220, 1904,1095호(영등포동8가,KnK디지털타워)",정보통신업,중소기업 113,1,1,0,2
(주)로보로보,서울특별시 강북구 도봉로54길 6(미아동),제조업,중소기업 39,1,0,1,2
주식회사 이뮤노맥스,"서울특별시 성북구 안암로 145, 309호(안암동5가,고려대 자연계캠퍼스 산학관)","전문, 과학 및 기술 서비스업",중소기업 17,1,0,1,2
(주)아이티젠,"서울특별시 영등포구 여의나루로 71, 13층(여의도동,동화빌딩)",정보통신업,중소기업 33,1,1,1,3
(주)온피아,"서울특별시 구로구 디지털로34길 55, 1004호(구로동,이앤씨벤처드림타워2차)",정보통신업,중소기업 32,1,0,1,2
(주)퓨처젠,"서울특별시 구로구 디지털로31길 38-21, 1101호(구로동,이앤씨벤처드림타워3차) ",정보통신업,중소기업 277,0,1,0,1
(주)트루엔,"서울특별시 구로구 디지털로33길 28, 1309호(구로동,우림이비지센터1차)",제조업,중소기업 99,1,0,0,1
(주)포시에스,"서울특별시 강남구 논현로 646, 포시에스빌딩",정보통신업,중소기업 165,1,1,1,3
피엔케이피부임상연구센타(주),"서울특별시 영등포구 국회대로62길 25, 2,4,5층(한국교육시설안전원)","전문, 과학 및 기술 서비스업",중소기업 91,1,0,1,2
(주)단해,"서울특별시 강서구 마곡중앙로 165, 1201호(마곡동,프라이빗타워) ",제조업,중소기업 95,1,0,0,1
(주)호서텔넷,"서울특별시 강서구 강서로 416, 호서프라자 7층(등촌동)",제조업,중소기업 22,1,0,1,2
(주)넷앤드,"서울특별시 영등포구 의사당대로1길 25, 10층(여의도동,하남빌딩)",정보통신업,중소기업 145,1,1,1,3
어드밴텍케이알(주),"서울특별시 강서구 강서로 468, 1202호(등촌동,에이스타워)",제조업,중견기업 116,1,1,0,2
엘앤피코스메틱(주),"서울특별시 강서구 공항대로 516(등촌동,메디힐빌딩)",도매 및 소매업,중견기업 166,1,1,0,2
주식회사 매사,"서울특별시 영등포구 선유로49길 23, 1001호(양평동4가,아이에스비즈타워2차)",정보통신업,중소기업 33,1,1,1,3
케이웨더 주식회사,"서울특별시 구로구 디지털로26길 5, 401호(구로동,에이스하이엔드타워1차)",정보통신업,중소기업 83,0,1,1,2
(주)중앙아이씨에스,"서울특별시 마포구 성암로 330, 412호(상암동,DMC첨단산업센터)",기타,중소기업 25,1,0,1,2
(주)날리지큐브,"서울특별시 서초구 서초중앙로 14, 15층(서초동,진로빌딩)",정보통신업,중소기업 70,1,1,1,3
(주)이노시뮬레이션,"서울특별시 강서구 마곡중앙8로7길 5(마곡동,이노캠퍼스)","전문, 과학 및 기술 서비스업",중소기업 77,0,1,0,1
이에스콘트롤스(주),"서울특별시 강남구 언주로 94길 9-1, 2층(역삼동)",제조업,중소기업 18,1,0,0,1
(주)피알원,"서울특별시 서대문구 충정로 70, 19층(미근동,웨스트게이트타워)","전문, 과학 및 기술 서비스업",중소기업 173,1,1,0,2
(주)지앤티솔루션,"서울특별시 중구 세종대로 23, 7층(남대문로5가,창화빌딩)",정보통신업,중소기업 38,1,1,0,2
(주)오픈놀,서울특별시 영등포구 양평로 2,정보통신업,중소기업 95,1,1,0,2
주식회사 아이버스터,"서울특별시 마포구 월드컵북로6길 45, 5층(연남동,제일충무빌딩)",도매 및 소매업,중소기업 21,1,1,1,3
(주)경동하우징,"서울특별시 영등포구 양평로 5, 7층(당산동5가)",도매 및 소매업,중소기업 60,1,1,0,2
(주)내일신문,서울특별시 종로구 새문안로3길 3(신문로1가),정보통신업,중소기업 64,1,0,0,1
(주)우리기술,"서울특별시 마포구 월드컵북로 56길 9, 4층(DMC단지,우리기술빌딩)",제조업,중소기업 115,1,0,1,2
(주)다미화학,"서울특별시 금천구 가산디지털2로 184, 709호(가산동,벽산디지털밸리2차)",도매 및 소매업,중소기업 21,0,1,0,1
(주)다하미커뮤니케이션즈,"서울특별시 중구 마른내로 140, 5층(쌍림동,인쇄정보센터)",정보통신업,중소기업 54,0,1,1,2
(주)핀샷,"서울특별시 마포구 매봉산로 18, 507호(상암동,마포창업복지관)",정보통신업,중소기업 16,1,0,1,2
(주)아이더스코리아,"서울특별시 강서구 양천로 376, 7~9층(가양동,델타빌딩)","전문, 과학 및 기술 서비스업",중소기업 85,1,1,1,3
(주)동구바이오제약,서울특별시 송파구 법원로 114 엠스테이트B동 14층,제조업,중견기업 365,1,1,1,3
다보코퍼레이션(주),"서울특별시 금천구 가산디지털2로 115, 909호(가산동,대륭테크노타운3차) ",도매 및 소매업,중소기업 40,0,0,1,1
코리아스펙트랄프로덕츠(주),"서울특별시 구로구 디지털로 273, 407호(구로동,에이스트윈타워2차) ",제조업,중소기업 25,1,1,1,3
(주)지테크시스템,"서울특별시 금천구 가산디지털2로 70, 817,1901~1906,1916~1918호(가산동,대륭테크노타운19차)",제조업,중소기업 58,1,0,1,2
주식회사 웰비아닷컴,"서울특별시 금천구 가산디지털1로 145, 1107호(가산동,에이스하이엔드타워3차)",정보통신업,중소기업 9,1,0,0,1
넥시큐어시스템테크놀로지(주),"서울특별시 영등포구 국회대로68길 11, 401호(여의도동,삼보호정빌딩)",정보통신업,중소기업 27,0,0,1,1
(주)메이드인헤븐,"서울특별시 구로구 디지털로 306, 614호(구로동,대륭포스트타워2차) ",정보통신업,중소기업 57,1,1,1,3
티엔씨파트너(주),"서울특별시 구로구 디지털로33길 50, 705호(구로동,벽산디지털밸리7차)",정보통신업,중소기업 14,0,0,1,1
주식회사 에스엘디티,서울특별시 성동구 아차산로 9길 12(성수동2가),정보통신업,중소기업 100,1,1,1,3
(주)나온웍스,"서울특별시 구로구 디지털로 271, 711호(구로동,벽산디지털밸리3차)",정보통신업,중소기업 35,0,1,0,1
비컴솔루션(주),"서울특별시 강남구 도곡로2길 10, 6층(도곡동,뱅뱅별관)",정보통신업,중소기업 100,0,0,1,1
주식회사 에코아이티,"서울특별시 강남구 테헤란로78길 14-6, 5층(대치동,동성빌딩)",정보통신업,중소기업 133,0,0,1,1
(주)유투바이오,"서울특별시 송파구 거마로 61, 5층(마천동,한스어반타워)","전문, 과학 및 기술 서비스업",중소기업 76,1,1,1,3
(주)이지미디어,"서울특별시 구로구 디지털로33길 28, 1201~1204호(구로동,우림이비지센터1차)",정보통신업,중소기업 97,1,1,1,3
(주)레드소프트,"서울특별시 구로구 디지털로31길 38-21, 309호(구로동,이앤씨벤처드림타워3차)",정보통신업,중소기업 27,0,1,1,2
(주)엑심베이,"서울특별시 구로구 디지털로26길 111, 1101호(구로동,JNK디지털타워)",정보통신업,중소기업 75,1,1,1,3
오직주식회사,"서울특별시 금천구 가산디지털2로 136, 705호(가산동,승일벤처타워)",정보통신업,중소기업 15,0,0,1,1
주식회사 에프원시큐리티,"서울특별시 금천구 벚꽃로 234, 1402호(에이스하이엔드타워6차)",정보통신업,중소기업 139,1,1,1,3
주식회사 투비원솔루션즈,"서울특별시 송파구 법원로11길 7, C동 1218호(문정동,문정현대지식산업센터1-2)",정보통신업,중소기업 26,1,1,1,3
(주)케이알엔지니어링,"서울특별시 구로구 디지털로34길55, 1212~1214호(구로동,코오롱싸이언스밸리2차)","전문, 과학 및 기술 서비스업",중소기업 84,0,1,0,1
주식회사 더유제약,"서울특별시 영등포구 당산로 171, 1501호(금강펜테리움IT타워)","전문, 과학 및 기술 서비스업",중소기업 193,1,1,1,3
(주)코스모티어,"서울특별시 금천구 가산디지털1로 5, 603호(가산동,대륭테크노타운20차)",정보통신업,중소기업 32,1,1,1,3
(주)토미구조엔지니어링,"서울특별시 구로구 디지털로31길 41, 508호(구로동, 이앤씨벤처드림타워6차)","전문, 과학 및 기술 서비스업",중소기업 14,0,1,1,2
주식회사 스텍,"서울특별시 구로구 디지털로 243, 18층(구로동,지하이시티)",도매 및 소매업,중소기업 47,1,1,0,2
(주)이든앤앨리스마케팅,"서울특별시 강남구 테헤란로87길 36, 1505~7호(삼성동,도심공항타워)","전문, 과학 및 기술 서비스업",중소기업 242,0,0,1,1
양재아이티주식회사,"서울특별시 금천구 가산디지털2로 123, 313호(가산동,월드메르디앙2차)  ",정보통신업,중소기업 42,0,1,0,1
주식회사 데일리팜,"서울특별시 송파구 법원로 128, A동 401호(문정동,문정 SK V1 GL 메트로시티)",정보통신업,중소기업 47,0,1,0,1
페이레터주식회사,"서울특별시 강남구 역삼로 223(역삼동,대사빌딩)",정보통신업,중소기업 134,1,1,0,2
(주)메디칼타임즈,"서울특별시 송파구 법원로 128, A동 413호,B동 505호(문정동,문정 SK V1 GL 메트로시티)",정보통신업,중소기업 18,1,1,1,3
(주)데브구루,"서울특별시 금천구 가산디지털1로 168, A동 1102~1104호(가산동,우림라이온스밸리)",정보통신업,중소기업 25,1,0,1,2
(주)플래티어,"서울특별시 송파구 법원로9길 26, D동 6층",정보통신업,중소기업 233,1,1,1,3
주식회사 큐리어드,"서울특별시 강남구 논현로71길 20, 4층(역삼동,현덕빌딩)",정보통신업,중소기업 28,0,0,1,1
(주)지앤글로벌,"서울특별시 서초구 동작대로 108, 제비110호(방배동,디오슈페리움2)",정보통신업,중소기업 19,0,0,1,1
(주)서현기술단,"서울특별시 영등포구 영신로19길 7, 3층(영등포동) ","전문, 과학 및 기술 서비스업",중소기업 240,1,1,0,2
(주)투와이드컴퍼니,"서울특별시 강남구 남부순환로351길 19, 4,6층(도곡동)",정보통신업,중소기업 69,0,0,1,1
(주)유브레인커뮤니케이션즈,"서울특별시 마포구 창전로 90, 6층(신수동,지씨빌딩)","전문, 과학 및 기술 서비스업",중소기업 47,0,1,1,2
알서포트 주식회사,"서울특별시 송파구 위례성대로 10, 9~15층(방이동,에스타워)","전문, 과학 및 기술 서비스업",중소기업 305,1,1,1,3
(주)아이포트폴리오,"서울특별시 중구 남대문로9길 24, 패스트파이브타워 다동 11층",정보통신업,중소기업 36,1,1,1,3
주식회사 님버스네트웍스,"서울특별시 구로구 디지털로 306, 1108호(구로동,대륭포스트타워2차)",정보통신업,중소기업 32,1,1,1,3
(주)지더블유캐드코리아,"서울특별시 강남구 학동로23길 49, 2,3층(논현동,아바드빌딩)",정보통신업,중소기업 26,1,1,1,3
(주)올에프엔비,서울특별시 용산구 한강대로14길 69,"전문, 과학 및 기술 서비스업",중소기업 39,1,1,0,2
(주)드림인사이트,"서울특별시 구로구 디지털로33길 12, 1410~1412호(구로동,우림이비즈센터2차)","전문, 과학 및 기술 서비스업",중소기업 123,0,1,1,2
(주)엔비커뮤니티,"서울특별시 서초구 강남대로101길 43, 3층(잠원동,유명빌딩)","전문, 과학 및 기술 서비스업",중소기업 14,0,0,1,1
(주)스탠드포인트,"서울특별시 금천구 가산디지털1로 205, 902-2호(가산동,케이씨씨웰츠밸리) ",정보통신업,중소기업 14,0,1,1,2
오아 주식회사,서울특별시 서초구 효령로46길 97(서초동),도매 및 소매업,중소기업 170,1,1,1,3
(주)대곤코퍼레이션,"서울특별시 구로구 디지털로 285, 12층(구로동,에이스트윈타워1차)",제조업,중소기업 133,1,1,0,2
주식회사 미르테크,"서울특별시 서초구 사임당로 64, 3층(서초동,교대벤처타워)",정보통신업,중소기업 20,0,1,0,1
주식회사 브리지텍,"서울특별시 영등포구 국제금융로2길 32, 17,18층(여의도동,여의도파이낸스타워)",정보통신업,중소기업 187,1,1,0,2
주식회사 훼밀리익스프레스,"서울특별시 강서구 양천로551-24, 803~806호(가양동,한화비즈메트로2차)",기타,중소기업 31,1,0,1,2
(주)쿨앤쿨,"서울특별시 서초구 남부순환로356길 70, 4층(양재동,양전빌딩)",도매 및 소매업,중소기업 42,1,1,1,3
한국아즈빌 주식회사,"서울특별시 영등포구 여의대로 14, 8층(여의도동,KT여의도지점)",도매 및 소매업,중견기업 133,1,1,0,2
(주)콜텍,"서울특별시 강서구 화곡로61길 59(등촌동,콜텍빌딩)",제조업,중견기업 65,1,0,1,2
(주)디디알플러스,"서울특별시 금천구 가마산로 96, 1214호(가산동,대륭테크노타운8차)",정보통신업,중소기업 27,0,1,1,2
대신통신기술(주),"서울특별시 영등포구 버드나루로 9, 3,4층(영등포동2가,천일빌딩)",기타,중소기업 98,0,1,0,1
(주)세일종합기술공사,"서울특별시 영등포구 영등포로 362(신길동,세일빌딩)","전문, 과학 및 기술 서비스업",중소기업 270,1,1,0,2
나이스솔루션뱅크,"서울특별시 금천구 디지털로9길 99, 1114호(가산동,스타밸리)",정보통신업,중소기업 15,0,0,1,1
(주)티오이십일,"서울특별시 서초구 서초대로 350, 2층(서초동,동아빌라트)",정보통신업,중소기업 67,1,1,1,3
(주)유비온,"서울특별시 구로구 디지털로34길 27, 601호(구로동,대륭포스트타워3차)",정보통신업,중소기업 152,0,1,0,1
(주)클루닉스,"서울특별시 영등포구 경인로 775, 1동 1206호(문래동3가,에이스하이테크시티)",정보통신업,중소기업 49,1,1,0,2
(주)파이오링크,"서울특별시 금천구 가산디지털2로 98, 1동 401호(가산동, IT캐슬)",제조업,중소기업 355,1,1,0,2
유비벨록스(주),"서울특별시 구로구 디지털로31길 12, 13,14층(구로동,태평양물산)",정보통신업,중견기업 288,1,1,0,2
(주)다임즈,"서울특별시 구로구 디지털로 273, 1105호(구로동,에이스트윈타워2차) ",정보통신업,중소기업 53,0,1,0,1
가람환경기술(주),"서울특별시 금천구 가산디지털2로 108, 1108호(가산동,뉴티캐슬)",제조업,중소기업 36,0,1,0,1
주식회사 유호스트,"서울특별시 서초구 남부순환로 2495, 5층(서초동,원림빌딩) ",정보통신업,중소기업 145,0,1,0,1
주식회사 포인트모바일,"서울특별시 금천구 디지털로9길 32, B동 9층(가산동,갑을그레이트벨리)",제조업,중소기업 151,1,1,1,3
(주)신아티앤씨,"서울특별시 금천구 가산디지털2로 184, 508호(가산동,벽산경인디지털밸리2차)",제조업,중소기업 74,1,1,1,3
온라인바다(주),"서울특별시 금천구 서부샛길 606, B동 2703호(가산동,대성디폴리스지식산업센터)",정보통신업,중소기업 12,0,1,0,1
주식회사우리강산시스템,"서울특별시 금천구 가산디지털1로 168, B동 1403~1404호(가산동,우림라이온스밸리)",정보통신업,중소기업 46,0,1,0,1
아이리노테크 주식회사,"서울특별시 구로구 디지털로 271, 408호",도매 및 소매업,중소기업 15,0,0,1,1
(주)이즈파크,"서울특별시 금천구 가산디지털1로 145, 1001호(가산동,에이스하이엔드타워3차)",정보통신업,중소기업 145,1,1,1,3
유비씨엔(주),"서울특별시 금천구 가산디지털1로 212, 910호(가산동,코오롱애스턴)",정보통신업,중소기업 30,1,1,1,3
(주)엠토스솔루션스,"서울특별시 금천구 가산디지털1로 219, 811호,1112호(가산동,벽산디지털밸리6차)",도매 및 소매업,중소기업 59,0,1,1,2
(주)유플러스시스템,"서울특별시 금천구 가산디지털1로 25, 1206호",정보통신업,중소기업 28,0,1,1,2
주식회사 새누,"서울특별시 금천구 가산디지털1로 171, 912~918호(가산동,SK V1 센터)",정보통신업,중소기업 26,0,1,0,1
(주)엔라이즈,"서울특별시 서초구 서초대로77길 55, 9층(서초동,에이프로스퀘어)",정보통신업,중소기업 56,1,1,1,3
주식회사 티엔코아,"서울특별시 강서구 마곡중앙2로 5, 510호",제조업,중소기업 35,1,1,1,3
(주)버즈빌,"서울특별시 송파구 석촌호수로272, MY빌딩 2~5층","전문, 과학 및 기술 서비스업",중소기업 102,1,1,0,2
(주)코어소프트,"서울특별시 금천구 두산로 70, A동 2601호(독산동,현대지식산업센터)",정보통신업,중소기업 28,0,1,1,2
(주)이노티브아이엔씨,"서울특별시 금천구 디지털로9길 99, 611~612호(가산동,스타밸리)",도매 및 소매업,중소기업 16,0,1,1,2
(주)이엠비,"서울특별시 금천구 가산디지털1로 84, 809호(가산동,에이스하이엔드타워 8차)",제조업,중소기업 19,0,0,1,1
(주)이케이네트웍스,"서울특별시 금천구 가산디지털2로 70, 904,905호(가산동,대륭테크노타운19차)",정보통신업,중소기업 22,0,0,1,1
컴즈 주식회사,"서울특별시 구로구 디지털로34길 27, 1004,1005호(구로동,대륭포스트타워3차)",정보통신업,중소기업 198,0,0,1,1
린데코리아(주),"서울특별시 강남구 테헤란로98길 8, 5층(대치동,KT&G 대치타워)",제조업,중견기업 421,1,1,0,2
(주)아이스트,"서울특별시 송파구 법원로11길 7, C동 1204호(문정동,현대지식산업센터)","전문, 과학 및 기술 서비스업",중소기업 48,0,0,1,1
(주)윤택이엔지,"서울특별시 강남구 테헤란로108길 22, 3층(대치동,서경빌딩)",도매 및 소매업,중소기업 23,0,0,1,1
오브젠 주식회사,"서울특별시 영등포구 여의대로 14, 12층(여의도동,KT여의도타워)",정보통신업,중소기업 183,1,0,0,1
주식회사 파수,"서울특별시 마포구 월드컵북로 396, 비지니스센터 17층(상암동,누리꿈스퀘어 비즈니스타워)",정보통신업,중소기업 226,1,1,1,3
주식회사 바이브컴퍼니,서울특별시 용산구 독서당로 97,정보통신업,중소기업 295,1,1,0,2
(주)디에스티인터내셔날,"서울특별시 금천구 가산디지털1로 149, 1201~1205호(신한이노플렉스)",정보통신업,중소기업 96,0,1,0,1
테크하임주식회사,"서울특별시 서초구 반포대로24길 21, 3,4층(서초동,솔본빌딩)",정보통신업,중소기업 50,1,1,1,3
한국무라타전자(주),"서울특별시 서초구 서초대로 411, 동관 21~22층(서초동,GT타워)",도매 및 소매업,중견기업 203,1,1,1,3
(주)핑거,"서울특별시 영등포구 여의대로 24, 43층(여의도동,전국경제인연합회회관)",정보통신업,중소기업 222,1,0,0,1
주식회사 앱테스트에이아이,"서울특별시 송파구 송파대로 201, 제비동 제7층 제비-709호(문정동,송파테라타워2)",정보통신업,중소기업 24,1,0,0,1
(주)인피니트헬스케어,"서울특별시 구로구 디지털로34길 27, 12층(구로동,대륭포스트타워3차)",정보통신업,중소기업 300,1,1,1,3
(주)아이투맥스,"서울특별시 마포구 마포대로 137, 6층(공덕동,KPX빌딩)",정보통신업,중소기업 170,1,1,1,3
(주)예스폼,"서울특별시 성동구 아차산로 49, 901호(성수동1가,서울숲코오롱디지털타워3차)",정보통신업,중소기업 17,1,1,1,3
(주)네오비엔에스,"서울특별시 성동구 뚝섬로17가길 48, 807호(성수동2가,성수에이원지식산업센터)",정보통신업,중소기업 14,1,1,1,3
주식회사 엘릭스,"서울특별시 성동구 왕십리로 58, 1105~1106호(성수동1가,FORHU) ",정보통신업,중소기업 27,0,0,1,1
베렉스주식회사,서울특별시 강남구 삼성로 67길 6(베렉스 빌딩),"전문, 과학 및 기술 서비스업",중소기업 27,1,0,1,2
씨이에프건설(주),"서울특별시 강남구 논현로30길 24, 3층(도곡동,대호빌딩)",기타,중소기업 41,1,0,1,2
(주)니트머스,"서울특별시 중구 명동길 65, 11층(명동1가,보림빌딩)",정보통신업,중소기업 28,1,1,1,3
(주)비아이매트릭스,"서울특별시 강남구 선릉로 433, 세방빌딩 신관 17층",정보통신업,중소기업 157,1,1,0,2
(주)원인터시스템,"서울특별시 강남구 자곡로 7길4, 102~104호(자곡동,아세아ICT센터)",도매 및 소매업,중소기업 29,1,0,1,2
(주)위드네트웍스,"서울특별시 용산구 한강대로11길 13, 2~4층(한강로3가,용일빌딩)",도매 및 소매업,중소기업 115,0,0,1,1
주식회사 스터닝,"서울특별시 강남구 봉은사로112길 6, 2층(삼성동,익성빌딩) ","전문, 과학 및 기술 서비스업",중소기업 33,1,0,0,1
(주)지란지교에스앤씨,"서울특별시 송파구 법원로 128, 12층 C1211호(문정동)",정보통신업,중소기업 43,0,1,0,1
주식회사 이오비스,"서울특별시 송파구 법원로 11길 7, C동 1301~1305호(문정동,현대지식산업센터)",도매 및 소매업,중소기업 2,1,0,0,1
(주)유니정보,"서울특별시 금천구 가산디지털1로 171, 513호(가산동,SK V1센터)",도매 및 소매업,중소기업 61,0,1,1,2
주식회사 소프트보울,"서울특별시 서초구 반포대로 10, 4층(서초동,신원빌딩)",정보통신업,중소기업 22,1,1,1,3
주식회사 티피엠엔,"서울특별시 강남구 테헤란로92길 14, 5층(대치동,동우리빌딩)","전문, 과학 및 기술 서비스업",중소기업 11,1,1,1,3
주식회사 에버랩스,"서울특별시 강남구 테헤란로25길 52, 2층(역삼동,멜로즈프라자)",도매 및 소매업,중소기업 16,0,1,1,2
주식회사 디셈버앤컴퍼니자산운용,"서울특별시 강남구 테헤란로 231, WEST 19층(역삼동,센터필드)",정보통신업,중소기업 100,1,1,1,3
주식회사 컨비니언스,"서울특별시 마포구 잔다리로 39, 501호(서교동,로뎀빌딩)",정보통신업,중소기업 32,0,1,0,1
주식회사 미스터픽,"서울특별시 강남구 테헤란로 447, 16층(삼성동,KB우준타워)",정보통신업,중소기업 26,1,1,1,3
메리티움(주),"서울특별시 금천구 가산디지털1로 5, 1206호(가산동,대륭테크노타운 20차)",정보통신업,중소기업 110,0,1,0,1
위시컴퍼니(주),"서울특별시 강남구 테헤란로 211, 14층(역삼동)",도매 및 소매업,중소기업 89,1,1,0,2
주식회사 테크빌,서울특별시 영등포구 버드나루로12가길 51,정보통신업,중소기업 80,1,0,0,1
주식회사 제스파,"서울특별시 송파구 법원로11길 25, A동 9층(문정동,에이치비지니스파크)",도매 및 소매업,중소기업 66,1,1,0,2
(주)코어트러스트,"서울특별시 구로구 디지털로34길 55, 307호(구로동,코오롱싸이언스밸리2차)",정보통신업,중소기업 35,1,1,1,3
(주)임픽스,"서울특별시 동대문구 천호대로 375, 3층(장안동,학인빌딩)",정보통신업,중소기업 72,1,1,1,3
허브넷굿컴퍼니닷컴 주식회사,"서울특별시 영등포구 63로 50, 17층(한화금융센터)","전문, 과학 및 기술 서비스업",중소기업 87,1,0,1,2
주식회사 이포넷,"서울특별시 강남구 테헤란로87길 21, 15층(삼성동,동성빌딩) ",정보통신업,중소기업 207,1,1,1,3
주식회사 더블다운인터액티브,"서울특별시 강남구 테헤란로 152 ,13층(역삼동,강남파이낸스센터)",정보통신업,중견기업 170,1,1,1,3
(주)케이브레인컴퍼니,"서울특별시 마포구 성암로 330, 323호(상암동,DMC첨단산업센터)","전문, 과학 및 기술 서비스업",중소기업 85,0,0,1,1
주식회사 세계로시스템,"서울특별시 금천구 가산디지털1로 137, 1501호(가산동,IT캐슬2차)",정보통신업,중소기업 30,1,1,1,3
주식회사 피플벤처스,"서울특별시 마포구 성암로 330, 621호(상암동,DMC첨단산업센터)",정보통신업,중소기업 29,1,1,1,3
주식호사 제스큐,"서울특별시 금천구 벚꽃로 298, 1205호(가산동,대륭포스트타워6차)",정보통신업,중소기업 110,0,0,1,1
주식회사 에이더,"서울특별시 강서구 공항대로 220, 1010호(마곡동,우성에스비타워2차)","전문, 과학 및 기술 서비스업",중소기업 14,0,0,1,1
주식회사 시더,"서울특별시 서초구 강남대로18길 5, 3층(양재동)",정보통신업,중소기업 14,0,0,1,1
(주)케이솔루션즈,"서울특별시 금천구 가산디지털1로 225, 419호(에이스가산포휴) ",정보통신업,중소기업 13,1,1,1,3
(주)아이비즈소프트웨어,"서울특별시 영등포구 선유로 70, 1301호(문래동3가,우리벤처타운2)",정보통신업,중소기업 68,0,0,1,1
주식회사 뷰노,"서울특별시 서초구 강남대로 479, 9층(반포동,신논현타워)",정보통신업,중소기업 169,1,0,1,2
글로벌엔지니어링(주),"서울특별시 금천구 디지털로 130, 1003호,1005~1006호(가산동,남성프라자)",제조업,중소기업 23,1,1,1,3
주식회사 매스티지,"서울특별시 마포구 동교로23길 6, 1층(동교동,달리빌딩)",정보통신업,중소기업,0,0,1,1
(주)아토웨이브,"서울특별시 금천구 벚꽃로 286, 1005호(가산동,리더스타워)",제조업,중소기업 19,1,0,1,2
주식회사 신시웨이,"서울특별시 송파구 법원로9길 26, D동 405호(문정동,에이치비지니스파크)",정보통신업,중소기업 61,1,1,1,3
주식회사 아데나소프트웨어,"서울특별시 강남구 테헤란로 207, 14층(역삼동,아가방빌딩)",정보통신업,중소기업 67,1,1,1,3
주식회사 네오비젼,"서울특별시 영등포구 선유로 130, 501~503호(양평동3가,에이스하이테크시티3)",도매 및 소매업,중소기업 27,1,0,1,2
(주)구름네트웍스,"서울특별시 광진구 광나루로36길 14, 화성빌딩 5층(구의동)",정보통신업,중소기업 14,1,0,0,1
법무법인 비트,"서울특별시 강남구 영동대로 735, 8,9층(청담동,골프존타워서울) ","전문, 과학 및 기술 서비스업",중소기업 21,0,0,1,1
반디에스앤씨(주),"서울특별시 성동구 상원12길34, 서울숲A1센터 908호(성수동1가)",정보통신업,중소기업 17,0,1,1,2
주식회사 트리거파트너스,"서울특별시 강남구 논현로114길 11, 2층(논현동,해광빌딩)",정보통신업,중소기업 24,1,1,0,2
(주)키글,"서울특별시 서초구 방배로18길 5, 3층(방배동,BH빌딩)",정보통신업,중소기업 29,0,1,1,2
주식회사 밸류링크유,"서울특별시 마포구 마포대로 19, 1005호(마포동,신화빌딩)",기타,중소기업 59,1,1,0,2
(주)인더포레스트,"서울특별시 강남구 테헤란로77길 11-18, 창애빌딩 5층",정보통신업,중소기업 20,0,1,1,2
에이템즈(주),"서울특별시 송파구 정의로8길 7, 903호(문정동,한스빌딩)","전문, 과학 및 기술 서비스업",중소기업 26,1,1,1,3
(주)엠브레이스,"서울특별시 구로구 경인로 576, 1층(구로동,GS네오텍)",정보통신업,중소기업 52,1,1,1,3
주식회사 비비드플러스,"서울특별시 금천구 벚꽃로 298, 1007호(가산동,대륭포스트타워6차)","전문, 과학 및 기술 서비스업",중소기업 25,0,1,1,2
(주)한유에너지,"서울특별시 관악구 남부순환로 1883(봉천동,한유빌딩)",도매 및 소매업,중견기업 85,1,1,0,2
벡톤디킨슨코리아 주식회사,"서울특별시 강남구 테헤란로 142, 16층(역삼동,아크플레이스)",도매 및 소매업,중견기업 163,1,1,0,2
(주)파워젠,"서울특별시 송파구 법원로 114, A동 1305호(문정동, 엠스테이트)",기타,중소기업 110,1,0,1,2
(주)에이비라인건축사사무소,"서울특별시 성동구 성수이로7길 27, 501~503호(성수동2가, 서울숲코오롱디지털타워2차)","전문, 과학 및 기술 서비스업",중소기업 78,1,1,0,2
주식회사 청안오가닉스,"서울특별시 서초구 서초대로 137, 신국빌딩 4층",도매 및 소매업,중소기업 19,1,1,1,3
주식회사 온채널,"서울특별시 용산구 새창로 217, 806호(한강로2가,용산토투밸리) ",도매 및 소매업,중소기업 36,0,1,1,2
오롬 주식회사,"서울특별시 중구 서애로 23, 1층(필동3가,중구통일회관)",정보통신업,중소기업 37,0,1,0,1
(주)백조씽크,서울특별시 동대문구 청계천로 463(용두동),제조업,중소기업 109,1,0,1,2
(주)오픈한,"서울특별시 성동구 연무장5가길 25, 1311호(성수동2가, SK V1타워)",도매 및 소매업,중소기업 38,1,1,1,3
(주)브이티피엘,"서울특별시 강남구 테헤란로2길 27, 921,1307호(역삼동,패스트파이브빌딩)",도매 및 소매업,중소기업 37,1,0,1,2
(주)잉카엔트웍스,"서울특별시 강남구 논현로 608, 1층(논현동,덕수빌딩)",정보통신업,중소기업 28,1,0,0,1
믹시스템(주),"서울특별시 구로구 디지털로33길 55, 609~611호(구로동,이앤씨벤처드림타워2차)",정보통신업,중소기업 50,1,0,1,2
엠포플러스(주),"서울특별시 성동구 아차산로17길 48, 1동 1619호(성수2가,SK V1센터)",정보통신업,중소기업 26,1,1,1,3
(주)모디엠,"서울특별시 성동구 성수일로4길 25, 1203호(성수동2가,서울숲코오롱디지털타워1차)",정보통신업,중소기업 137,0,0,1,1
(주)무하유,"서울특별시 성동구 성수일로8길 5, A동 201호~203호(성수동2가,서울숲 SK V1타워) ",정보통신업,중소기업 70,1,1,1,3
주식회사 디엘코리아,"서울특별시 송파구 송파대로 167, B동 913-1,2호(문정동,문정역테라타워)",도매 및 소매업,중소기업 12,0,0,1,1
(주)오픈프레스,"서울특별시 성동구 상원1길 26, 406,407호(성수동1가,서울숲에이타워)","전문, 과학 및 기술 서비스업",중소기업 15,0,0,1,1
주식회사 서래스터,"서울특별시 동대문구 망우로21길 52, 203호(휘경동,춘태빌딩) ",기타,중소기업 10,0,0,1,1
(주)위시켓,"서울특별시 강남구 테헤란로 211, 3층(역삼동,한국고등교육재단빌딩)",정보통신업,중소기업 6,1,1,1,3
(주)아이센스,"서울특별시 서초구 반포대로28길 43(서초동,아이센스빌딩)",제조업,중견기업 821,1,1,1,3
(주)고려기프트,"서울특별시 도봉구 도봉로191가길 8(도봉동,고려기프트빌딩)",도매 및 소매업,중소기업 62,0,0,1,1
(주)쟈뎅,"서울특별시 강남구 논현로149길 62, 4층(논현동,영빌딩)",제조업,중소기업 146,1,1,0,2
(주)한국해사기술,"서울특별시 강남구 학동로 175, 5층(논현동,미디어센터)","전문, 과학 및 기술 서비스업",중소기업 112,1,1,0,2
(주)씨앤피동양,"서울특별시 송파구 법원로11길 7, C동 1101호(문정동,현대지식산업센터)","전문, 과학 및 기술 서비스업",중소기업 52,0,1,0,1
(주)애드캡슐소프트,"서울특별시 서초구 동광로12길 84, 성산관 4층",정보통신업,중소기업 215,0,1,1,2
(주)휴노,"서울특별시 마포구 마포대로 109, 101동 1002~1004호(공덕동,롯데캐슬프레지던트)",정보통신업,중소기업 99,0,1,1,2
(주)아이센트,"서울특별시 성동구 아차산로17길 49, 1515호(성수동2가,생각공장 데시앙플렉스)",정보통신업,중소기업 60,0,1,0,1
(주)진앤현시큐리티,"서울특별시 송파구 법원로6길 11, 4층(문정동,환인빌딩)",정보통신업,중소기업 90,0,1,0,1
(주)메일플러그,"서울특별시 강남구 테헤란로78길 16, 8,10층(대치동,노벨빌딩)",정보통신업,중소기업 90,1,1,0,2
(주)콜게이트,"서울특별시 서초구 서초대로 397, 1104,2403호(서초동,부띠크모나코)",정보통신업,중소기업 30,0,1,0,1
(주)예지솔루션,"서울특별시 금천구 가산디지털2로 166, 3층(가산동,에이스K1타워)","전문, 과학 및 기술 서비스업",중소기업 158,1,1,1,3
(주)플립커뮤니케이션즈,"서울특별시 강남구 학동로11길 20-7, 플립타워",정보통신업,중소기업 103,0,1,0,1
(주)앤드와이즈,"서울특별시 강남구 선릉로112길 39, 3층(삼성동,진영빌딩)",정보통신업,중소기업 32,0,0,1,1
(주)이누인터내셔날,"서울특별시 강남구 선릉로 667, 5~7층(논현동,라이즈스퀘어)",도매 및 소매업,중소기업 71,1,1,1,3
(주)한국건설환경,"서울특별시 서초구 효령로 95, 우성빌딩 4,5층","전문, 과학 및 기술 서비스업",중소기업 39,0,0,1,1
주식회사 키스톤마케팅컴퍼니,"서울특별시 서초구 서초대로78길 5, 13층(서초동,대각빌딩)","전문, 과학 및 기술 서비스업",중소기업 124,1,1,1,3
주식회사 골드넥스,"서울특별시 성동구 왕십리로125, 802-1,803-1호(KD타워)","전문, 과학 및 기술 서비스업",중소기업 73,0,1,0,1
(주)아미크,"서울특별시 성동구 성수일로 10, 1405,1406호(성수동1가,서울숲ITCT지식산업센터)",정보통신업,중소기업 17,1,0,1,2
(주)클라우드네트웍스,"서울특별시 강남구 영동대로96길 20, 10층(삼성동,대화빌딩)",정보통신업,중소기업 59,1,1,1,3
(주)유컴패니온,"서울특별시 강남구 논현로28길 45, 3층(도곡동,덕윤빌딩) ",정보통신업,중소기업 112,1,0,1,2
(주)유니온콘텐츠,"서울특별시 금천구 디지털로 121, 906호(가산동,에이스가산타워)",정보통신업,중소기업 11,0,0,1,1
(주)이루에프씨,"서울특별시 강동구 양재대로89가길 34, 2,5,6층(성내동,천지빌딩)","전문, 과학 및 기술 서비스업",중소기업 46,0,1,1,2
주식회사 제이콥시스템,"서울특별시 송파구 송파대로 201, B동 1313호,1319~1321호(문정동,송파테라타워2)",정보통신업,중소기업 22,0,0,1,1
주식회사 에이치엠씨네트웍스,"서울특별시 강남구 테헤란로8길 37, 5층(역삼동,한동빌딩)",도매 및 소매업,중소기업 79,0,0,1,1
(주)제이에프엠,"서울특별시 구로구 디지털로26길 123, 1602호(구로동,지플러스타워)",도매 및 소매업,중소기업 12,0,0,1,1
삼정데이타서비스(주),"서울특별시 구로구 디지털로 306, 416,417,421호(구로동,대륭포스트타워2차)",정보통신업,중소기업 74,0,0,1,1
(주)제이에프엠테크,"서울특별시 구로구 디지털로26길 123, 1604호(구로동,지플러스타워) ",도매 및 소매업,중소기업 18,0,0,1,1
(주)에스엔제이,"서울특별시 구로구 디지털로31길 19, 604호(구로동,에이스테크노타워Ⅱ)",제조업,중소기업 19,0,0,1,1
(주)코리아리서치인터내셔널,"서울특별시 서초구 사임당로 18, 8층(석초동,석오빌딩)","전문, 과학 및 기술 서비스업",중소기업 79,1,1,1,3
(주)성지제강,"서울특별시 서초구 신반포로 311, 5층(신영빌딩) ",제조업,중견기업 70,0,1,1,2
(주)성지알펙스,"서울특별시 서초구 신반포로 311, 4층(신영빌딩) ",제조업,중소기업 45,1,1,1,3
(주)마이건축사사무소,"서울특별시 성동구 성수일로4길25, 210호(성수동2가,서울숲코오롱디지털타워1차)","전문, 과학 및 기술 서비스업",중소기업 32,0,1,0,1
웹케시(주),"서울특별시 영등포구 영신로 220, 12층,2003~2013호(영등포동8가,KNK디지털타워)",정보통신업,중소기업 261,1,1,0,2
(주)이엠넷,"서울특별시 구로구 디지털로34길 27, 14층(구로동,대륭포스트타워3차)","전문, 과학 및 기술 서비스업",중소기업 325,1,1,1,3
(주)디에스이트레이드,"서울특별시 서초구 동산로 13, 6층(양재동,정선빌딩)",정보통신업,중소기업 34,1,1,0,2
(주)사이냅소프트,"서울특별시 강서구 마곡중앙4로 62(마곡동,사이냅소프트 R&D센터)",정보통신업,중소기업 50,1,0,0,1
보나캠프 주식회사,"서울특별시 금천구 범안로 1130, 14층(가산동,디지털엠파이어빌딩)",정보통신업,중소기업 47,0,0,1,1
(주)토마토시스템,"서울특별시 강남구 논현로128길 5, 장뻘빌딩 5,6,8층",정보통신업,중소기업 215,1,1,1,3
주식회사 넷솔테크,"서울특별시 영등포구 국회대로70길 19, 11층(여의도동,대하빌딩)",정보통신업,중소기업 65,1,0,0,1
(주)인포큐브,"서울특별시 송파구 법원로11길 11, B동 1001호(현대지식산업센터)",정보통신업,중소기업 13,1,1,1,3
(주)펨트론,"서울특별시 금천구 가산디지털1로 219, 1406호(가산동,벽산디지털밸리6차)",제조업,중소기업 178,1,1,0,2
호스트센터(주),"서울특별시 서초구 법원로1길 6, 1층(서초동)",정보통신업,중소기업 41,1,1,1,3
주식회사 솔박스,"서울특별시 강남구 테헤란로 124, 10층(역삼동,삼원타워)",정보통신업,중소기업 76,0,1,0,1
(주)아이앤티시스템,"서울특별시 금천구 서부샛길 606, A동 2208호(가산동,대성디폴리스)",정보통신업,중소기업 21,0,1,1,2
(주)초록에스티,"서울특별시 송파구 법원로11길 7, C동 913호(문정동,문정현대지식산업센터)",도매 및 소매업,중소기업 12,0,0,1,1
(주)아이비리더스,"서울특별시 구로구 디지털로 242, 1501호(구로동,한화비즈메트로)",정보통신업,중소기업 69,1,1,0,2
주식회사 휴네시온,"서울특별시 강남구 학동로 97길 20, 2,3층(청담동,성호빌딩)",정보통신업,중소기업 156,1,1,1,3
에이스바이오팜 주식회사 ,"서울특별시 서초구 동산로8길 41, 4층(양재동,성현빌딩)",도매 및 소매업,중소기업 73,1,1,1,3
(주)에스큐브아이,"서울특별시 서초구 동산로 23, 3층(양재동,베델회관)",정보통신업,중소기업 62,0,1,1,2
(주)아이티이지,"서울특별시 서초구 서초대로 250, 3층(서초동,스타갤러리브릿지)",정보통신업,중소기업 82,0,1,1,2
(주)모니터랩,"서울특별시 구로구 디지털로27가길 27, 8,9층(구로동,아남빌딩)",정보통신업,중소기업 78,1,1,1,3
(주)콘텐츠브릿지,"서울특별시 강남구 언주로 517, KT-IDC 14층(역삼동)",정보통신업,중소기업 77,1,1,0,2
(주)티라유텍,"서울특별시 강남구 학동로5길 7, 2층(CK빌딩)",정보통신업,중소기업 286,1,1,0,2
한국시스템보증(주),서울특별시 송파구 문정로4길 12,정보통신업,중소기업 27,1,0,1,2
에이비온 주식회사,"서울특별시 구로구 디지털로 242, 915호(구로동,한화비즈메트로1차)","전문, 과학 및 기술 서비스업",중소기업 31,1,0,1,2
(주)반석티브이에스,"서울특별시 송파구 법원로 114, B동 1201호(문정,엠스테이트)",도매 및 소매업,중소기업 48,1,0,0,1
주식회사 세시소프트,"서울특별시 서초구 방배로22길 20, 2층(방배동)",정보통신업,중소기업 44,0,0,1,1
주식회사 스펙엔지니어링와이엔피,"서울특별시 송파구 송파대로 201, B동 1407,1408호(문정동,송파테라타워2) ","전문, 과학 및 기술 서비스업",중소기업 16,1,0,0,1
(주)에스앤에프솔루션 ,"서울특별시 서초구 강남대로97길 27(잠원동,세원빌딩)",정보통신업,중소기업 12,0,1,0,1
(주)아이티레이,"서울특별시 금천구 가산디지털1로 45, 704호(가산동,이앤씨드림타워8차)",도매 및 소매업,중소기업 24,1,1,0,2
주식회사 애드오피,"서울특별시 강남구 테헤란로 623, 10층(삼성동,삼성빌딩)","전문, 과학 및 기술 서비스업",중소기업 28,1,1,1,3
(주)피앰아이,"서울특별시 서초구 강남대로91길 16, 2층(잠원동,서린빌딩)","전문, 과학 및 기술 서비스업",중소기업 57,1,1,1,3
(주)시큐레이어,"서울특별시 성동구 성수일로4길 25, 1407호(성수동2가,서울숲코오롱디지털타워)",정보통신업,중소기업 92,0,0,1,1
(주)더블유게임즈,"서울특별시 강남구 테헤란로 152, 13,16층(역삼동,강남파이낸스센터)",정보통신업,중견기업 321,1,1,1,3
이패스(주),"서울특별시 구로구 디지털로30길 31, 1101호(구로동,코오롱디지털타워빌란트2차)",정보통신업,중소기업 14,0,0,1,1
크리스피드(주),"서울특별시 송파구 법원로11길 25, B동 1001호(문정동,에이치비지니스파크)",정보통신업,중소기업 191,1,1,1,3
(주)태조엔지니어링,"서울특별시 송파구 백제고분로 503, 4층(방이동,유정빌딩)","전문, 과학 및 기술 서비스업",중소기업 272,1,0,1,2
동신렌탈(주),"서울특별시 송파구 송파대로 201, B동 503호(문정동,송파테라타워2) ",도매 및 소매업,중소기업 11,1,0,1,2
(주)크로니아이티,"서울특별시 송파구 중대로 113, 5층(가락동,전기회관)",정보통신업,중소기업 49,1,0,0,1
코아인텍 주식회사,"서울특별시 영등포구 양평로21길 26, 1303호(양평동5가,아이에스비즈타워1차)",도매 및 소매업,중소기업 18,0,1,1,2
주식회사 네오크레마,"서울특별시 송파구 중대로 211(가락동,나은빌딩)",제조업,중소기업 66,1,1,1,3
(주)이노룰스,"서울특별시 송파구 법원로6길 7, 12층(문정동,유탑테크밸리)",정보통신업,중소기업 76,1,1,1,3
(주)에스앤에프디지텍,"서울특별시 강남구 선릉로145길 5-11(논현동,주영빌딩)",도매 및 소매업,중소기업 2,0,1,0,1
주식회사 위우너스,"서울특별시 송파구 중대로 135, 동관 1201호(가락동,아이티벤처타워)",정보통신업,중소기업 31,1,0,0,1
(주)지브이,"서울특별시 강동구 양재대로 1397, 502호(성내동,양지빌딩) ",도매 및 소매업,중소기업 13,0,0,1,1
피에스피에프앤디 주식회사,"서울특별시 송파구 송이로 99, 피에스피빌딩 2층전관",도매 및 소매업,중소기업 34,0,0,1,1
주식회사 노버스메이,서울특별시 송파구 마천로39길 33,도매 및 소매업,중소기업 33,1,1,1,3
(주)건우애듀,"서울특별시 노원구 초안산로12, 연지스퀘어 비203호(인덕대학교)",정보통신업,중소기업 18,0,0,1,1
(주)스틸리언,"서울특별시 용산구 원효로 90길 11, 업무동 12층(더프라임타워)",정보통신업,중소기업 53,1,1,1,3
주식회사 애드인텔리전스,"서울특별시 광진구 천호대로110길 7, 6층(능동,마주빌딩)",정보통신업,중소기업 32,0,1,1,2
(주)삼원특수지,"서울특별시 광진구 천호대로 549, 10,11,12층(중곡동,지타워)",도매 및 소매업,중소기업 135,1,0,0,1
(주)익진엔지니어링,"서울특별시 강남구 역삼로 124, 6층(역삼동,청보빌딩)",기타,중소기업 18,0,0,1,1
(주)한국리서치,"서울특별시 강남구 봉은사로 179, 7층(논현동,H타워)","전문, 과학 및 기술 서비스업",중소기업 157,1,1,0,2
모락스트레이딩(주),"서울특별시 중구 서소문로 116(서소문동,유원빌딩)",제조업,중소기업 70,1,0,0,1
(주)영림원소프트랩,"서울특별시 강서구 양천로 583, A동 23층(염창동,우림블루9 비즈니스센터)",정보통신업,중소기업 312,1,1,1,3
노아에이티에스(주),"서울특별시 종로구 청계천로 41, 12층(서린동,영풍빌딩)",정보통신업,중소기업 152,1,1,1,3
(주)컨트롤웍스,"서울특별시 강남구 언주로81길 13, 3층(진일빌딩)",도매 및 소매업,중소기업 48,1,0,1,2
(주)씨에스피아이,"서울특별시 서초구 강남대로 222-6, 7층(Zinam빌딩)",정보통신업,중소기업 202,0,1,1,2
(주)엑센솔루션,"서울특별시 금천구 가산디지털1로 171, 1713,1817,1818호(가산동,가산 SK v1센터)",정보통신업,중소기업 45,0,0,1,1
(주)인브레인,"서울특별시 금천구 디지털로9길 46, 704호(가산동,이앤씨드림타워7차)",정보통신업,중소기업 47,0,0,1,1
브레인즈컴퍼니(주),"서울특별시 성동구 성수이로87, 8층(성수2가,성문빌딩)",정보통신업,중소기업 101,0,1,0,1
주식회사 모비젠,"서울특별시 송파구 법원로 128, C동 1610~1621호(문정동,SK V1 GL메트로시티)",정보통신업,중소기업 215,1,1,1,3
(주)에이앤티솔루션,"서울특별시 강남구 삼성로 508, 1211호(삼성동,LG트윈빌딩2차)",정보통신업,중소기업 77,1,1,1,3
(주)불스원,"서울특별시 강남구 테헤란로 306, 카이트타워 6층",제조업,중견기업 253,1,1,1,3
(주)이너버스,"서울특별시 영등포구 양평로21길 26, 1604~1607호(양평동5가,아이에스비즈타워)",정보통신업,중소기업 26,0,1,1,2
파이언넷(주),서울특별시 강서구 마곡동로 36,정보통신업,중소기업 181,1,1,1,3
핌즈(주),"서울특별시 중랑구 신내역로3길 40-36, A동 1217호",정보통신업,중소기업 42,1,1,1,3
주식회사 비투엔,"서울특별시 영등포구 선유로 146, 210호(양평동3가,이앤씨드림타워)",정보통신업,중소기업 146,1,0,0,1
(주)트리플하이엠,"서울특별시 금천구 디지털로 121, 10층(가산동,에이스가산타워)","전문, 과학 및 기술 서비스업",중소기업 139,0,1,0,1
디딤365 주식회사,"서울특별시 금천구 디지털로9길 68, 2006~2010호,1601,1602호(대륭포스트타워5차)",정보통신업,중소기업 133,1,1,1,3
넥스엔정보기술(주),"서울특별시 강남구 언주로75길19, 203호(역삼동,역원빌딩)",정보통신업,중소기업 17,1,1,1,3
(주)친환경계획그룹청연,"서울특별시 강남구 논현로71길 6(역삼동,청연빌딩)","전문, 과학 및 기술 서비스업",중소기업 74,1,0,1,2
나인원소프트(주),"서울특별시 성동구 상원1길 26, 711호(성수동1가,서울숲A타워)",정보통신업,중소기업 26,1,0,1,2
주식회사 데이사이드,"서울특별시 강남구 강남대로94길 53, 4층(역삼동,화성빌딩)",정보통신업,중소기업 45,1,1,1,3
희래 주식회사,"서울특별시 강남구 강남대로 302, 15층(역삼동,동희빌딩)",도매 및 소매업,중소기업 10,1,0,1,2
이앤에스글로벌(주),"서울특별시 강남구 선릉로 433(역삼동,세방빌딩)","전문, 과학 및 기술 서비스업",중견기업 46,1,1,1,3
(주)지엔엠라이프,"서울특별시 영등포구 선유로 130, 13층(양평동3가,에이스하이테크시티3)",도매 및 소매업,중소기업 70,1,1,1,3
아일리스프런티어(주),"서울특별시 중구 청계천로 100, 서관 3층(수표동,시그니쳐타워)",정보통신업,중소기업 37,1,1,1,3
주식회사 플그림,"서울특별시 성동구 연무장5가길 7, W1404호(성수동2가,성수역 현대테라스타워)",정보통신업,대기업 79,1,1,1,3
(주)코너스,"서울특별시 성동구 상원1길 26, 806호(성수동1가,서울숲A타워)",정보통신업,중소기업 29,0,0,1,1
(주)에이스엔지니어링,서울특별시 서초구 사평대로 80(반포동),도매 및 소매업,중소기업 52,1,0,0,1
(주)그라운드케이,"서울특별시 강서구 마곡중앙로 161-8, C동 1205호(마곡동,두산더랜드파크)",기타,중소기업 10,0,0,1,1
(주)교림소프트,"서울특별시 구로구 디지털로33길 27, 307호(구로동,삼성IT밸리)",정보통신업,중소기업 48,0,1,0,1
(주)핀업,"서울특별시 강남구 삼성로95길 10, 2~4층(삼성동,핀업빌딩)",정보통신업,중소기업 48,1,1,1,3
주식회사 자이냅스,"서울특별시 강남구 테헤란로86길 14, 7,8층(대치동,윤천빌딩) ",정보통신업,중소기업 67,1,0,1,2
비즈톡 주식회사,"서울특별시 강남구 봉은사로 304, 14층(역삼동,금강빌딩)",정보통신업,중소기업 24,0,0,1,1
주식회사 뉴본홀딩스,"서울특별시 강남구 역삼로73길 5(대치동,아크디뉴본) ","전문, 과학 및 기술 서비스업",중소기업 41,0,1,1,2
(주)어반베이스,"서울특별시 서초구 서초대로 77길 17, 11층(Block77빌딩)",정보통신업,중소기업 54,1,1,0,2
(주)어퓨마케팅서비스,"서울특별시 강남구 언주로136길 11, 4층(논현동,성현빌딩)",기타,중소기업 12,0,0,1,1
(주)드제이,"서울특별시 마포구 양화로12길 8-6, 2층(서교동,대륭빌딩)",정보통신업,중소기업 47,1,1,0,2
주식회사 레뷰코퍼레이션,서울특별시 강남구 논현로135길 29(논현동),"전문, 과학 및 기술 서비스업",중소기업 201,0,1,1,2
주식회사 호윤,"서울특별시 성동구 연무장11길 10, 249호(성수동2가,우리큐브)",정보통신업,중소기업 15,0,0,1,1
주식회사 티오리한국,"서울특별시 강남구 테헤란로 414, 5층(대치동,엘앤비타워)",정보통신업,중소기업 39,1,1,1,3
(주)넥스트랩,"서울특별시 강남구 선릉로 703, 12층( 논현동,H&S Tower)",정보통신업,중소기업 21,1,1,1,3
(주)블루오렌지커뮤니케이션즈,"서울특별시 서초구 서초대로 48길 33, 3층(서초동,허브원빌딩)","전문, 과학 및 기술 서비스업",중소기업 80,0,1,1,2
주식회사 인스팅터스,"서울특별시 성동구 왕십리로 115, G601호(성수동1가,헤이그라운드 서울숲점) ",도매 및 소매업,중소기업 35,1,0,1,2
주식회사 투게더앱스,"서울특별시 강남구 논현로111길 23(논현동,ST빌딩)",도매 및 소매업,중소기업 76,1,1,1,3
주식회사 엠엠엠디,"서울특별시 강서구 공항대로 329, 4층(등촌동,청호프라자)",도매 및 소매업,중소기업 31,1,0,1,2
스페이스워크 주식회사,"서울특별시 성동구 왕십리로 125, 501,519호(성수동1가,KD타워)",정보통신업,중소기업 41,1,1,1,3
(주)엔오원,"서울특별시 영등포구 국제금융로6길 33, 831호(여의도동,맨하탄빌딩)",도매 및 소매업,중소기업 17,0,1,0,1
(주)사이버라인,"서울특별시 서초구 사임당로 173, 10층(서초동,서전빌딩)",정보통신업,중소기업 37,0,0,1,1
주식회사 프로텐,"서울특별시 금천구 가산디지털1로 165, 404호(가산동,가산비지니스센터) ",정보통신업,중소기업 18,1,1,0,2
주식회사 메이데이파트너스,"서울특별시 강남구 봉은사로 439, 2,3층(삼성동,CC빌딩) ","전문, 과학 및 기술 서비스업",중소기업 47,1,1,1,3
(주)스탠스,"서울특별시 노원구 공릉로 232, 테크노큐브동 705호(공릉동,서울과학기술대학교)",정보통신업,중소기업 26,1,0,1,2
주식회사 짐싸,"서울특별시 강남구 테헤란로 302, 14층(역삼동,위워크타워)",정보통신업,중소기업 31,0,1,1,2
(주)다래전략사업화센터,"서울특별시 강남구 테헤란로 132, 한독빌딩 11층","전문, 과학 및 기술 서비스업",중소기업 50,0,1,0,1
주식회사 리스너,"서울특별시 강남구 선릉로93길 27, 9층(역삼동,아름빌딩) ",정보통신업,중소기업 66,1,0,1,2
(주)데이터마케팅코리아,"서울특별시 강남구 테헤란로53길 16(역삼동,예안빌딩)",정보통신업,중소기업 50,1,1,1,3
다보오에스티(주),"서울특별시 금천구 가산디지털2로 115, 610호(가산동,대륭테크노타운3차) ",도매 및 소매업,중소기업 27,0,1,1,2
아이솔라에너지 주식회사,"서울특별시 마포구 월드컵북로 361, 19층",도매 및 소매업,중소기업 33,1,0,1,2
알엔에이애널리틱스 주식회사,"서울특별시 종로구 청계천로 35, 13층(서린동,관정빌딩)","전문, 과학 및 기술 서비스업",중소기업 5,1,1,0,2
(주)메디노,"서울특별시 금천구 가산로9길 66, 820호(가산동,더리즌밸리 지식산업센터)","전문, 과학 및 기술 서비스업",중소기업 42,1,0,1,2
구디아카데미,"서울특별시 금천구 가산디지털2로 115, 1109-1호(가산동,대륭테크노타운3차)",기타,중소기업 8,0,0,1,1
(주)엠브레인퍼블릭,"서울특별시 강남구 강남대로 318, 3~5층(역삼동,TOWER837)","전문, 과학 및 기술 서비스업",중소기업 78,0,1,0,1
(주)에이치에스엔지니어링,"서울특별시 송파구 새말로 101, 5층(문정동,형수빌딩)","전문, 과학 및 기술 서비스업",중소기업 14,1,1,0,2
호식이두마리치킨,"서울특별시 강남구 학동로337, 12층(H타워)",도매 및 소매업,중소기업 59,1,1,1,3
(주)예지C&C,"서울특별시 금천구 서부샛길 606, B동 1111호(가산동,대성디폴리스)","전문, 과학 및 기술 서비스업",중소기업 35,1,1,1,3
(주)정도유아이티,"서울특별시 강남구 테헤란로38길 29, 5층(역삼동,이원빌딩)",정보통신업,중소기업 77,0,1,0,1
샤인 치과교정과 치과병원,"서울특별시 노원구 노해로 488, 5층 샤인치과(상계동,근호빌딩)",기타,중소기업 12,1,0,1,2
(주)몽키소프트,"서울특별시 금천구 벚꽃로 278, 917호(가산동,SJ테크노빌)",정보통신업,중소기업 13,1,1,1,3
(주)더기프팅컴퍼니,"서울특별시 성동구 상원12길 1, 3층(성수동1가,유앤아이빌딩) ",정보통신업,중소기업 41,1,1,1,3
주식회사 포티투마루,서울특별시 서초구 신반포로 310,정보통신업,중소기업 82,1,1,1,3
(주)브로스그룹,서울특별시 마포구 동교로17안길 43(서교동),"전문, 과학 및 기술 서비스업",중소기업 15,0,0,1,1
주식회사 스패로우,"서울특별시 마포구 월드컵북로 396, 17층(상암동,누리꿈스퀘어 비즈니스타워)",정보통신업,중소기업 48,1,1,1,3
주식회사 볼트크리에이션,"서울특별시 구로구 디지털로32가길 18, 813호(구로동,HK타워)",제조업,중소기업 28,0,0,1,1
(주)스토린랩,"서울특별시 마포구 양화로8길 24, 2층(서교동,파피루스빌딩)",정보통신업,중소기업 22,0,0,1,1
기산전자(주),서울특별시 성동구 성수이로20길 35(성수동2가),제조업,중소기업 133,1,1,0,2
(주)조아라,"서울특별시 금천구 가산디지털1로 131, B동 2104호(가산동,비와이씨하이시티 지식산업센터)",정보통신업,중소기업 76,0,1,0,1
주식회사 칸미디어,"서울특별시 서초구 바우뫼로 179, 2층(양재동,에이스빌딩)",정보통신업,중소기업 27,0,0,1,1
주식회사 가인지캠퍼스,"서울특별시 마포구 토정로 16, 2층",도매 및 소매업,중소기업 29,0,1,1,2
(주)브레인콜라,"서울특별시 서초구 강남대로 311, 1201호(드림플러스 강남)",정보통신업,중소기업 8,1,0,1,2
(주)백아이엔씨,"서울특별시 서초구 서초대로 118, 7층(방배동,양지빌딩2)","전문, 과학 및 기술 서비스업",중소기업 12,1,1,1,3
(주)트랜서핑,서울특별시 종로구 율곡로5길 12-2(안국동) ,도매 및 소매업,중소기업 20,0,0,1,1
주식회사 팬마음,"서울특별시 강남구 테헤란로2길 27, 916호(역삼동,패스트파이브빌딩)",정보통신업,중소기업 12,0,0,1,1
(주)엠디뮨,"서울특별시 성동구 아차산로 49, 602,701,1001~1003,1005,1102호(성수동1가,서울숲코오롱디지털타워3차)","전문, 과학 및 기술 서비스업",중소기업 42,1,1,1,3
주식회사 마담,"서울특별시 성동구 성수이로 119, 5층(성수동2가,덕산빌딩)","전문, 과학 및 기술 서비스업",중소기업 16,1,0,1,2
주식회사 포바이포,"서울특별시 서초구 강남대로 479, 12~14층(반포동,신논현타워)",정보통신업,중소기업 120,1,1,1,3
(주)더블미,"서울특별시 서초구 강남대로 148, 6층 2호(양재동,상록빌딩)",정보통신업,중소기업 21,1,1,1,3
주식회사 에오스와이텍,"서울특별시 송파구 법원로 11길 25, B동 901,902호(문정동 에이치비지니스파크)",정보통신업,중소기업 18,1,1,1,3
아콘소프트주식회사,"서울특별시 강남구 테헤란로8길41, 4층(NSB빌딩)",정보통신업,중소기업 40,1,0,1,2
(주)글로벌의학연구센터,"서울특별시 강남구 도산대로 107, 17층(신사동)","전문, 과학 및 기술 서비스업",중소기업 39,1,0,1,2
주식회사 대흥정보,"서울특별시 영등포구 문래북로 116, 403호(문래동3가,트리플렉스)",정보통신업,중소기업 68,1,0,1,2
주식회사 이제이엔,"서울특별시 강남구 테헤란로 504, 8층(해성빌딩)",정보통신업,중소기업 11,1,1,1,3
주식회사 딥비전스,"서울특별시 성동구 성수일로12길 20, 501호(성수동2가,성동안심상가)",정보통신업,중소기업 16,1,1,1,3
주식회사 포스타입,"서울특별시 강남구 테헤란로4길 5, 6층(역삼동,해암빌딩)",정보통신업,중소기업 34,1,1,1,3
주식회사 아이엠파인,"서울특별시 마포구 잔다리로 31, 4~5층(서교동,제우피스빌딩)",정보통신업,중소기업 20,1,1,1,3
(주)오엠인터랙티브,"서울특별시 성동구 성수이로22길 37, 502호(성수동2가,아크밸리)",정보통신업,중소기업 24,0,1,1,2
주식회사 원키,서울특별시 강남구 강남대로 100길 24 ,정보통신업,중소기업 19,1,0,1,2
(주)강안교육,서울특별시 강남구 영동대로 85길 20-9 강안교육빌딩,기타,중소기업 15,1,1,0,2
(주)무한정보기술,"서울특별시 영등포구 당산로2길 12, 706호(문래동3가,에이스테크노타워)",정보통신업,중소기업 48,1,0,0,1
주식회사 데일리펀딩,"서울특별시 강남구 언주로 620, 현대인텔렉스 9층",정보통신업,중소기업 28,1,0,1,2
(주)제이앤에스팩토리,"서울특별시 종로구 청계천로 71(관철동,계원빌딩)",정보통신업,중소기업 14,1,0,1,2
제이더플로어,"서울특별시 강남구 학동로53길 19, 2층(논현동)",도매 및 소매업,중소기업 12,1,1,1,3
주식회사 큐비스트,"서울특별시 강남구 언주로149길 11, 2층(논현동)",도매 및 소매업,중소기업 17,0,0,1,1
주식회사 얼리슬로스,서울특별시 종로구 삼청로 12,정보통신업,중소기업 14,1,1,1,3
주식회사 에이아이스페라,"서울특별시 성동구 연무장5가길 7, W701~704호(성수동2가,현대테라스타워)",정보통신업,중소기업 32,1,1,1,3
동문이엔티(주),"서울특별시 구로구 디지털로33길 12, 501~505호(우림이비즈센처2차)",도매 및 소매업,중소기업 86,1,1,1,3
(주)솔루텍시스템,"서울특별시 영등포구 영신로 220, 1104호(영등포동8가,KnK디지털타워)",정보통신업,중소기업 31,0,1,0,1
라온화이트햇 주식회사,"서울특별시 강남구 테헤란로 145,13층(역삼동,우신빌딩)",정보통신업,중소기업 53,1,1,0,2
(주)엠앤와이즈,"서울특별시 구로구 디지털로 243, 지하이시티 601~605호",정보통신업,중소기업 61,1,1,1,3
화인컴에스이(주),"서울특별시 송파구 송파대로 201, A동 1109~1112호(문정동,테라타워2)",제조업,중소기업 29,1,1,1,3
라온시큐어(주),"서울특별시 강남구 테헤란로 145,18층(역삼동,우신빌딩)",정보통신업,중소기업 181,1,1,0,2
주식회사 커머스웨어,"서울특별시 성동구 광나루로8길 31, 2동 905호(성수동2가,SK V1센터)",정보통신업,중소기업 126,1,1,1,3
(주)소만사,"서울특별시 영등포구 영신로 220, 9층(영등포동8가,KnK디지털타워)",정보통신업,중소기업 320,1,1,1,3
(주)예평이앤씨,"서울특별시 송파구 충민로 10, 가든파이브 툴동 8층 S-17호","전문, 과학 및 기술 서비스업",중소기업 33,1,1,0,2
(주)실크로드시앤티,"서울특별시 강남구 강남대로308, 9층(역삼동,랜드마크타워)",도매 및 소매업,중견기업 182,1,1,1,3
(주)클라모스,"서울특별시 구로구 디지털로 242, 709호(구로동, 한화비즈메트로1차)",정보통신업,중소기업 15,1,1,0,2
